data_id,age,sex,birth_order,caregiver_education,ethnicity,is_norming,words_produced,words_understood
391242,18,Female,Second,Graduate,,true,109,150
391243,18,Male,First,Graduate,,true,18,185
391244,18,Male,Second,Some College,,true,104,224
391245,18,Male,First,College,,true,125,209
391246,18,Female,First,Some College,,true,129,283
391247,17,Male,Second,Some College,,true,65,324
391248,17,Female,First,Some College,,true,60,189
391249,17,Male,First,Some Secondary,,true,32,143
391250,17,Female,Second,Some College,,true,39,297
391251,17,Male,Fourth,Some Graduate,,true,13,73
391252,17,Female,First,College,,true,31,183
391253,17,Male,First,College,,true,61,169
391254,18,Female,Second,Secondary,,true,44,269
391255,18,Male,Third,Some College,,true,92,236
391256,18,Female,First,Some College,,true,22,90
391257,17,Male,Second,Secondary,,true,22,90
391258,18,Male,First,Graduate,,true,35,128
391259,17,Female,First,Graduate,,true,79,287
391260,17,Male,First,College,,true,18,327
391261,18,Female,Second,Graduate,,true,124,272
391262,18,Female,First,College,,true,118,238
391263,18,Male,Third,Graduate,,true,36,268
391264,17,Male,First,Some College,,true,145,208
391265,18,Female,First,Some College,,true,235,395
391266,17,Male,First,College,,true,174,261
391267,17,Male,Second,College,,true,83,200
391268,17,Male,First,Some College,,true,2,163
391269,18,Female,Second,Graduate,,true,149,276
391270,17,Female,First,College,,true,27,197
391271,17,Male,Second,Some College,,true,73,269
391272,17,Male,Second,Secondary,,true,110,275
391273,17,Female,First,Some College,,true,70,255
391274,18,Male,First,Some College,,true,23,124
391275,17,Male,First,College,,true,114,274
391276,17,Male,Second,Some College,,true,23,144
391277,17,Male,First,Secondary,,true,103,279
391278,17,Female,,Some College,,true,82,203
391279,18,Female,First,Graduate,,true,165,363
391280,17,Female,First,Secondary,,true,79,275
391281,17,Male,First,Some College,,true,164,278
391282,18,Female,Second,Secondary,,true,66,323
391283,17,Female,Second,Graduate,,true,46,279
391284,17,Male,Second,Secondary,,true,48,213
391285,18,Female,Second,College,,true,36,210
391286,18,Male,First,College,,true,49,261
391287,17,Female,Third,Secondary,,true,15,251
391288,18,Male,First,Secondary,,true,19,231
391289,17,Male,Second,College,,true,23,142
391290,17,Male,First,College,,true,9,230
391291,17,Male,First,Some College,,true,16,98
391292,18,Male,First,College,,true,67,290
391293,18,Female,First,College,,true,92,292
391294,18,Female,Second,College,,true,35,241
391295,17,Female,Second,Some College,,true,45,297
391296,18,Male,Third,Some College,,true,12,68
391297,18,Female,Third,College,,true,46,190
391298,17,Female,Third,College,,true,45,127
391299,17,Male,First,Some College,,true,20,207
391300,18,Female,First,Secondary,,true,262,336
391301,17,Female,Second,College,,true,91,221
391302,18,Male,Second,College,,true,11,174
391303,17,Female,Fourth,Secondary,,true,293,340
391304,18,Female,First,College,,true,7,129
391305,18,Male,Second,Graduate,,true,24,244
391306,18,Female,First,Some College,,true,151,278
391307,17,Male,First,College,,true,198,304
391308,18,Male,First,Some College,,true,40,161
391309,17,Female,First,Graduate,,true,26,178
391310,18,Male,First,Some College,,true,13,127
391311,18,Female,First,Some College,,true,126,326
391312,18,Male,First,College,,true,58,242
391313,18,Male,First,Graduate,,true,24,244
391314,17,Male,Third,Some College,,true,6,64
391315,17,Female,First,Some College,,true,51,205
391316,18,Male,Second,College,,true,3,163
391317,18,Male,First,College,,true,174,325
391318,18,Male,First,College,,true,17,259
391319,18,Male,Third,Graduate,,true,9,246
391321,18,Male,First,Secondary,,true,61,197
391322,18,Female,First,Graduate,,true,7,177
391323,18,Male,Second,Some College,,true,4,223
391324,18,Male,First,Secondary,,true,158,285
391325,17,Female,Second,Some Graduate,Hispanic,true,78,332
391326,18,Female,First,Secondary,,true,17,140
391329,17,Male,Third,Graduate,,true,68,228
391331,18,Female,Third,College,,true,327,361
391332,18,Female,First,Some College,Hispanic,true,152,330
391333,18,Male,Sixth,Secondary,,true,117,296
391334,18,Female,Fourth,Some College,,true,20,225
391335,18,Male,First,Secondary,,true,21,97
391336,18,Male,First,Graduate,,true,28,314
391337,18,Male,First,Secondary,,true,71,328
391338,18,Male,First,Graduate,,true,40,373
391339,18,Female,First,College,,true,106,287
391340,18,Male,First,Secondary,,true,58,303
391341,18,Female,First,College,,true,178,322
391342,18,Male,First,Graduate,,true,18,252
391343,18,Male,Second,Some College,,true,190,315
391344,18,Female,First,College,,true,196,367
391345,18,Female,First,Secondary,,true,164,267
391346,18,Female,First,College,,true,95,344
391347,18,Male,First,Some College,,true,91,233
391349,18,Female,First,Secondary,Hispanic,true,31,125
391350,18,Female,First,Some College,,true,31,163
391351,18,Female,Second,College,,true,28,191
391352,18,Female,First,Some Graduate,,true,97,275
391353,18,Female,Fourth,College,,true,48,195
391354,18,Female,First,College,,true,207,395
391355,18,Female,First,Some Graduate,,true,291,378
391359,18,Female,First,College,,true,82,234
391361,18,Male,First,Some Graduate,,true,145,311
391364,9,Male,First,Some College,Hispanic,true,1,10
391365,18,Male,Second,Graduate,,true,29,314
391366,14,Male,Second,Graduate,Hispanic,true,29,112
391367,12,Female,First,Graduate,,true,14,240
391368,15,Female,Second,College,,true,190,294
391369,13,Female,First,College,,true,34,148
391370,12,Male,First,Secondary,,true,16,62
391371,13,Female,First,Secondary,,true,31,119
391372,12,Female,First,College,,true,1,75
391373,12,Male,First,Secondary,,true,3,55
391374,18,Female,Second,College,,true,23,119
391375,13,Male,First,Secondary,,true,34,135
391376,16,Female,Second,College,,true,72,129
391377,14,Male,First,Secondary,,true,4,65
391378,12,Female,First,Secondary,,true,6,85
391379,17,Female,First,Graduate,,true,37,158
391380,14,Male,First,Some Graduate,,true,2,36
391381,14,Male,First,Some College,,true,15,148
391382,12,Female,Third,Secondary,,true,0,30
391384,16,Male,First,Some College,,true,1,105
391385,13,Male,First,Some College,,true,0,78
391386,16,Female,Fourth,Some College,,true,104,189
391387,13,Male,Second,Some College,,true,15,80
391388,11,Male,,College,,true,0,181
391389,11,Female,,College,Hispanic,true,3,8
391390,11,Male,,Secondary,,true,12,36
391391,12,Female,,Secondary,,true,15,111
391392,10,Male,,College,,true,8,46
391393,10,Male,,Secondary,,true,10,40
391394,16,Female,,Secondary,,true,14,140
391395,15,Male,,Secondary,,true,14,125
391396,9,Female,,Some Secondary,,true,0,16
391397,9,Female,,Some Secondary,,true,12,216
391398,10,Female,,Some College,,true,3,28
391399,14,Female,,Secondary,,true,0,2
391400,10,Male,,College,,true,0,14
391403,12,Female,First,Secondary,,true,14,53
391404,12,Male,First,Secondary,,true,5,94
391405,18,Female,First,College,,true,194,367
391406,13,Male,Second,Some Graduate,,true,40,110
391407,12,Female,First,College,,true,21,79
391408,18,Male,Second,Graduate,,true,118,207
391409,15,Female,Second,College,,true,106,326
391410,12,Male,First,Secondary,,true,5,98
391411,17,Male,Second,College,,true,43,259
391412,13,Male,First,College,,true,31,152
391413,12,Female,Second,Graduate,,true,5,185
391414,16,Male,Second,College,,true,38,191
391415,13,Male,Second,Secondary,,true,31,114
391416,12,Male,First,Graduate,,true,11,44
391417,12,Male,Third,Some Secondary,,true,16,118
391418,13,Male,Fourth,Secondary,,true,1,24
391419,12,Male,Fourth,Secondary,,true,1,19
391421,10,Female,Fourth,Some College,,true,0,15
391422,10,Male,Fourth,Some College,,true,0,17
391423,10,Male,Third,Graduate,,true,6,59
391424,11,Female,Second,College,,true,4,35
391425,10,Male,First,Some Secondary,Hispanic,true,1,9
391426,10,Female,Second,Graduate,,true,1,86
391427,10,Male,First,Some College,,true,15,42
391428,10,Male,Second,Some College,,true,4,40
391429,10,Female,First,Graduate,,true,6,18
391430,10,Male,First,College,,true,1,25
391431,10,Female,Sixth,Some Secondary,Hispanic,true,0,10
391432,10,Male,Third,College,,true,0,4
391433,11,Female,First,College,,true,6,51
391434,10,Female,Third,Secondary,,true,15,40
391435,10,Male,Third,Graduate,,true,4,17
391436,10,Male,First,Some College,,true,2,125
391437,10,Male,First,College,,true,2,30
391438,10,Male,First,College,,true,2,104
391439,10,Female,First,Some College,,true,4,68
391440,10,Male,First,College,,true,0,90
391441,10,Female,Sixth,Some Secondary,,true,7,109
391442,10,Female,,Graduate,,true,5,54
391443,10,Male,First,Some College,,true,4,40
391444,10,Male,First,College,,true,0,14
391445,10,Female,Third,Some Secondary,,true,2,48
391446,10,Male,First,Some College,,true,7,18
391447,10,Male,Second,Some Secondary,,true,2,39
391448,10,Male,Third,Secondary,,true,0,26
391449,10,Female,First,Secondary,,true,5,25
391450,11,Female,First,Some Secondary,,true,3,142
391451,10,Female,First,College,,true,8,80
391452,10,Male,First,Graduate,,true,3,22
391453,10,Female,Third,Some Secondary,,true,3,74
391454,10,Female,Third,Some Secondary,,true,3,74
391455,10,Male,First,College,,true,1,15
391456,10,Male,First,College,,true,2,34
391457,10,Male,Second,Some College,,true,16,84
391458,10,Male,First,Some Secondary,,true,3,3
391459,10,Female,First,Some College,,true,0,1
391460,10,Male,First,Some College,,true,1,18
391461,10,Male,First,Graduate,,true,4,11
391462,10,Male,First,Some Secondary,,true,15,93
391463,10,Male,First,College,,true,2,19
391464,10,Female,First,Some College,,true,2,16
391465,10,Male,First,College,,true,0,8
391466,10,Female,First,Graduate,,true,5,12
391467,10,Female,First,Some Secondary,,true,6,8
391468,10,Male,Second,Secondary,,true,5,119
391469,10,Male,First,Secondary,,true,1,65
391470,10,Male,First,Some Secondary,,true,0,28
391471,10,Male,First,Graduate,,true,3,45
391472,10,Female,First,Some Secondary,,true,10,91
391473,10,Male,First,College,,true,1,27
391474,10,Male,First,Secondary,,true,1,15
391475,10,Female,Third,Some Secondary,,true,0,0
391476,10,Female,First,Some Secondary,,true,3,124
391477,10,Male,Third,Some College,,true,2,52
391478,10,Male,Third,Graduate,,true,11,61
391479,10,Female,,Secondary,,true,0,20
391480,10,Female,Second,College,,true,3,65
391481,10,Male,,College,,true,2,68
391482,10,Male,First,Some College,,true,0,3
391483,10,Female,Third,College,,true,3,20
391484,10,Female,First,Some Secondary,,true,5,27
391485,13,Female,Second,Secondary,,true,5,74
391486,12,Male,Third,Secondary,,true,0,55
391487,18,Female,First,Graduate,,true,23,237
391488,18,Female,First,Graduate,,true,24,285
391489,12,Female,First,College,,true,16,89
391490,10,Female,Third,Secondary,,true,0,25
391491,15,Female,First,Secondary,,true,0,12
391492,13,Male,Second,Some Graduate,,true,3,75
391493,13,Female,Second,College,,true,19,87
391494,13,Male,Second,Some Graduate,,true,66,263
391495,14,Female,First,College,,true,17,149
391497,14,Male,Second,Graduate,,true,16,145
391498,13,Male,First,Some College,,true,3,47
391499,14,Female,First,Some College,,true,16,106
391500,12,Female,First,Some Secondary,,true,213,396
391501,14,Female,First,College,,true,31,120
391502,15,Female,First,Secondary,,true,43,231
391503,12,Female,Second,College,,true,22,140
391504,16,Male,Second,Secondary,,true,17,88
391505,8,Female,Third,Some College,,true,1,12
391506,9,Female,Second,Graduate,,true,1,45
391507,11,Male,First,Some College,,true,1,14
391508,16,Female,First,Some College,,true,237,351
391509,12,Male,First,Secondary,,true,3,135
391510,11,Female,,Some College,,true,0,52
391511,12,Male,First,Secondary,,true,1,59
391512,16,Female,First,Secondary,Hispanic,true,17,122
391513,11,Female,Third,Secondary,,true,4,52
391514,11,Female,First,Some College,,true,4,11
391515,12,Male,Third,Some Graduate,,true,2,62
391516,12,Female,Second,Secondary,,true,32,148
391517,9,Female,First,College,,true,0,21
391518,10,Male,First,College,,true,0,31
391519,10,Female,Second,Some College,,true,0,33
391520,16,Female,Third,College,,true,240,393
391521,15,Male,First,Some College,Hispanic,true,42,191
391522,15,Male,First,Some Graduate,,true,53,153
391523,14,Male,First,Graduate,,true,23,181
391524,12,Female,First,Some College,,true,2,128
391525,14,Female,First,Secondary,,true,111,240
391526,11,Male,First,Graduate,,true,1,15
391527,16,Male,Second,Some College,,true,12,123
391528,13,Female,Second,College,,true,5,28
391529,12,Male,First,College,,true,0,19
391530,13,Male,First,College,,true,0,136
391531,16,Female,First,Some College,,true,81,214
391532,9,Male,Second,Some Graduate,,true,0,29
391533,15,Female,Second,Secondary,,true,84,302
391534,13,Female,Second,College,,true,19,164
391535,10,Female,First,Some College,Hispanic,true,0,8
391536,14,Female,First,Some College,Hispanic,true,6,139
391537,8,Female,First,College,,true,5,38
391538,12,Male,Second,Secondary,,true,1,81
391539,14,Male,First,College,,true,82,243
391540,10,Female,Second,Graduate,,true,5,102
391541,10,Male,Second,College,,true,1,39
391542,9,Male,First,Some Graduate,,true,7,57
391543,8,Male,Second,College,,true,0,7
391544,9,Male,First,Secondary,,true,0,30
391545,12,Male,First,Some Graduate,,true,11,121
391546,12,Female,First,Graduate,,true,4,24
391547,15,Male,First,Secondary,,true,29,73
391548,16,Male,First,Secondary,,true,64,134
391549,15,Male,First,College,,true,25,142
391550,11,Male,First,Graduate,,true,0,140
391551,14,Male,First,College,,true,48,243
391552,9,Female,First,Some College,,true,4,10
391553,11,Female,Second,Secondary,,true,1,105
391554,14,Female,Second,Some College,,true,24,268
391555,9,Male,Second,Graduate,,true,0,23
391556,9,Female,First,College,,true,4,17
391557,9,Female,Second,Some College,,true,0,3
391558,13,Female,First,Graduate,,true,0,96
391559,15,Male,First,College,,true,11,68
391560,12,Female,Second,College,,true,7,98
391561,15,Female,Second,Some College,,true,18,69
391562,15,Female,First,College,,true,7,91
391563,13,Male,Third,Some College,,true,1,52
391564,15,Female,First,Some College,Hispanic,true,52,324
391565,16,Male,Second,Secondary,,true,8,218
391566,13,Female,First,Some College,,true,2,135
391567,12,Female,Second,Some Graduate,,true,20,242
391568,14,Male,Second,Secondary,,true,16,90
391569,13,Female,First,Some College,,true,12,119
391570,9,Male,First,Some College,,true,0,13
391571,14,Female,Fourth,Some College,,true,3,56
391572,10,Male,Second,College,Hispanic,true,2,26
391573,9,Female,First,College,,true,1,96
391574,11,Male,Second,Some College,,true,0,35
391575,15,Female,First,Some Graduate,,true,18,45
391576,13,Male,First,Some College,,true,13,171
391577,13,Male,Second,Graduate,,true,5,194
391578,12,Male,Second,College,,true,0,56
391579,13,Female,Third,Secondary,,true,27,119
391580,15,Male,First,College,,true,35,108
391581,11,Male,Second,College,,true,7,38
391582,13,Male,First,Some College,,true,5,37
391583,13,Female,First,Some College,,true,31,99
391584,11,Female,First,Some College,,true,0,111
391585,13,Male,First,Graduate,Hispanic,true,107,275
391586,16,Male,First,College,,true,11,175
391587,11,Male,First,College,,true,0,48
391588,15,Male,Second,College,,true,25,80
391589,13,Female,First,College,,true,23,120
391590,14,Male,Third,College,Hispanic,true,5,102
391591,8,Female,First,College,,true,0,8
391592,16,Male,Third,College,,true,48,184
391593,11,Male,Third,Some College,,true,0,99
391594,10,Male,Third,Some Graduate,,true,4,20
391595,13,Female,Third,College,,true,10,158
391596,11,Male,,Some College,,true,1,6
391597,14,Female,Second,Some College,,true,17,170
391598,14,Female,Second,Some College,,true,49,210
391599,14,Female,First,Secondary,Hispanic,true,64,125
391600,8,Male,First,Graduate,,true,2,26
391601,14,Male,First,College,,true,30,80
391602,11,Male,First,Some College,,true,20,96
391603,15,Male,First,Some College,,true,62,127
391604,12,Male,Second,College,,true,3,96
391605,14,Male,First,College,,true,31,150
391606,11,Female,First,Graduate,,true,0,14
391607,11,Female,Third,Some College,,true,9,94
391608,14,Female,Second,Some College,Hispanic,true,9,194
391609,14,Female,Second,Some College,Hispanic,true,9,194
391610,12,Male,Second,Secondary,,true,1,42
391611,10,Female,First,Some College,,true,8,106
391612,9,Male,First,Some College,,true,1,19
391613,15,Male,Third,Secondary,,true,16,219
391614,9,Female,First,College,Hispanic,true,0,9
391615,12,Male,First,Some College,,true,5,66
391616,11,Female,Second,Secondary,,true,0,21
391617,8,Male,Second,College,,true,6,42
391618,12,Female,Second,Some College,,true,20,365
391619,15,Female,First,Some College,,true,20,97
391620,11,Female,Second,Secondary,,true,8,141
391621,11,Female,Second,Secondary,,true,8,153
391622,12,Female,Second,Some College,,true,18,129
391623,12,Male,Second,College,,true,4,64
391624,13,Male,First,Some College,,true,14,60
391625,9,Female,First,Some College,,true,8,55
391626,11,Male,First,College,,true,9,18
391627,10,Male,Second,College,,true,0,0
391628,13,Female,First,Secondary,,true,0,91
391629,14,Female,First,College,,true,15,217
391630,10,Female,First,Graduate,,true,0,8
391631,14,Female,Second,Graduate,,true,4,44
391632,14,Male,Third,Some College,Hispanic,true,8,176
391633,15,Male,First,College,,true,31,282
391634,9,Female,Second,College,,true,0,17
391635,15,Female,First,College,,true,102,229
391636,16,Male,Second,Secondary,,true,6,109
391637,16,Male,First,College,,true,202,341
391638,9,Male,First,Some College,,true,0,2
391639,14,Male,Second,College,,true,7,243
391640,12,Female,Second,Secondary,,true,4,32
391641,13,Female,First,Secondary,,true,1,45
391642,14,Male,First,Secondary,,true,48,179
391643,11,Female,First,Graduate,,true,3,54
391644,10,Female,Fourth,College,,true,7,43
391645,12,Female,First,College,Hispanic,true,52,186
391646,10,Male,First,Some College,,true,0,34
391647,15,Male,Fourth,Some College,,true,18,56
391648,12,Male,First,Graduate,,true,5,17
391649,11,Male,First,Graduate,,true,0,126
391650,16,Female,Third,Some College,,true,110,158
391651,11,Female,Second,Some College,,true,6,91
391652,15,Male,First,Graduate,,true,44,239
391653,15,Female,First,Graduate,,true,75,158
391654,12,Female,First,College,,true,6,52
391655,14,Female,First,Some College,,true,26,140
391656,11,Female,First,Some College,Hispanic,true,2,34
391657,14,Male,Second,Some College,,true,10,35
391658,10,Male,First,Some Graduate,,true,5,118
391659,15,Female,Second,Some College,,true,7,221
391660,14,Male,First,College,,true,13,151
391661,10,Male,First,Some College,,true,4,31
391662,10,Male,First,Some College,,true,3,33
391663,15,Male,Second,College,,true,3,101
391664,11,Female,First,College,,true,14,34
391665,10,Female,Second,College,,true,0,107
391666,13,Male,Third,Some College,,true,0,45
391667,13,Male,Second,Some College,,true,1,45
391668,11,Female,First,Secondary,,true,0,74
391669,15,Female,Second,Some College,,true,167,256
391670,15,Female,Third,College,,true,2,47
391671,16,Male,First,College,,true,28,171
391672,11,Female,Second,College,,true,16,183
391673,15,Male,Second,Some College,,true,10,117
391674,11,Male,First,College,,true,0,106
391675,12,Female,Second,College,,true,10,87
391676,11,Female,Second,Secondary,Hispanic,true,5,64
391677,12,Male,First,Secondary,,true,26,131
391678,11,Female,Second,Secondary,,true,11,40
391679,11,Male,First,Secondary,,true,11,231
391680,14,Female,Second,College,,true,35,227
391681,16,Female,Second,Secondary,,true,38,102
391682,11,Male,First,Some College,,true,2,42
391683,15,Male,First,Secondary,,true,18,54
391684,15,Male,First,College,,true,155,378
391685,12,Male,First,College,,true,23,82
391686,9,Female,Third,Secondary,,true,13,134
391687,12,Male,Second,Secondary,,true,40,161
391688,13,Female,Third,Some College,Hispanic,true,69,140
391689,15,Male,First,College,,true,30,80
391690,12,Male,First,Secondary,,true,0,46
391691,12,Female,Third,Some College,,true,4,102
391692,16,Male,First,Some College,,true,26,223
391693,16,Female,First,Graduate,,true,2,40
391694,16,Female,First,Some College,,true,56,150
391695,17,Male,First,Graduate,,true,23,256
391696,10,Female,First,Some College,,true,4,34
391697,16,Female,Second,College,,true,40,121
391698,17,Female,First,College,,true,34,237
391699,15,Female,Second,Some College,Hispanic,true,4,38
391700,16,Female,First,Some College,,true,53,237
391701,16,Male,First,Graduate,,true,30,111
391702,16,Male,First,Some College,,true,10,127
391703,16,Female,First,Some College,,true,39,181
391704,16,Female,Second,Secondary,,true,187,325
391705,16,Female,First,Graduate,,true,31,154
391706,10,Female,Sixth,Some College,Hispanic,true,0,78
391707,11,Female,Second,Some College,,true,0,80
391708,9,Male,Fourth,Secondary,Hispanic,true,0,35
391709,14,Female,First,Secondary,,true,6,138
391710,9,Male,First,Secondary,,true,3,75
391711,10,Male,Second,Secondary,,true,3,74
391712,17,Male,First,College,,true,33,96
391713,17,Female,First,Secondary,,true,131,248
391714,18,Male,Second,Secondary,,true,63,191
391715,8,Female,,,,true,6,81
391716,9,Female,,,,true,0,11
391717,9,Female,First,College,,true,0,8
391718,9,Female,First,College,,true,11,47
391719,9,Female,First,Some College,,true,6,32
391720,8,Female,Third,College,,true,1,9
391721,8,Female,Third,College,,true,2,8
391722,9,Female,Second,Graduate,,true,1,1
391723,14,Male,First,Secondary,,true,23,161
391724,8,Male,Second,Some College,,true,0,50
391725,8,Male,Second,Some College,,true,0,8
391726,14,Male,First,College,Hispanic,true,0,5
391727,8,Male,Third,Graduate,,true,2,9
391728,10,Male,Third,Secondary,Hispanic,true,3,34
391729,12,Female,Second,Some Secondary,Hispanic,true,12,74
391730,16,Female,First,Secondary,,true,137,244
391731,17,Female,Second,College,,true,0,122
391732,14,Female,Third,College,,true,52,256
391733,14,Female,First,Secondary,,true,0,84
391734,15,Female,Second,College,,true,9,60
391735,15,Female,Third,Graduate,,true,20,144
391736,15,Male,Second,College,,true,33,150
391737,17,Female,First,Graduate,,true,34,92
391738,16,Female,First,Secondary,,true,179,279
391739,17,Male,Third,Some College,,true,61,265
391740,17,Male,Third,Secondary,,true,64,141
391741,17,Female,Second,Secondary,,true,347,396
391742,17,Male,Second,Some College,,true,56,213
391743,16,Female,First,Secondary,,true,19,104
391744,16,Female,First,Secondary,,true,17,85
391745,17,Female,First,College,,true,117,176
391746,14,Female,Second,Some College,,true,40,192
391747,14,Male,First,Some College,,true,12,184
391748,13,Male,Third,Some College,,true,0,184
391749,14,Male,Second,College,,true,6,68
391750,16,Female,Second,Secondary,,true,17,64
391751,15,Male,Second,Secondary,,true,69,224
391752,14,Female,First,Some Graduate,,true,17,150
391753,15,Female,First,Secondary,,true,90,299
391754,15,Female,Second,Some Graduate,,true,7,138
391755,15,Female,First,Some College,,true,0,73
391756,16,Male,Second,Graduate,,true,9,246
391757,14,Male,First,College,,true,18,203
391758,15,Female,First,Graduate,,true,15,183
391759,15,Female,Second,Some College,,true,37,311
391760,15,Female,First,Secondary,,true,88,225
391761,15,Female,Third,College,,true,24,33
391762,15,Male,Third,Some College,,true,20,165
391763,15,Female,First,Some Graduate,,true,6,171
391764,15,Male,First,Graduate,,true,2,152
391765,14,Female,First,College,,true,54,211
391766,15,Male,First,Some College,,true,38,244
391767,15,Male,First,Some College,,true,20,205
391768,15,Female,First,College,,true,22,290
391769,14,Female,First,Secondary,,true,22,173
391770,14,Male,First,College,,true,15,86
391771,14,Male,Second,Secondary,,true,26,321
391772,14,Female,Second,Graduate,,true,10,95
391773,14,Female,Second,Secondary,,true,18,125
391774,14,Female,Third,Some College,,true,45,203
391775,14,Male,First,Some Graduate,,true,3,159
391776,14,Male,Third,Some College,,true,46,234
391777,14,Female,First,Some Graduate,,true,3,58
391778,14,Female,Second,Some College,,true,19,262
391779,10,Male,Second,Secondary,,true,0,36
391780,10,Male,Second,Some College,,true,0,18
391781,9,Female,Second,College,,true,0,25
391782,9,Female,First,Secondary,,true,4,73
391783,9,Male,Third,Secondary,,true,0,70
391784,9,Female,First,College,,true,0,8
391785,8,Male,First,Secondary,,true,1,10
391786,8,Female,First,Some College,,true,2,10
391787,11,Female,Third,Some Graduate,,true,0,84
391788,11,Female,Third,Some College,,true,9,92
391789,9,Male,Third,College,,true,0,6
391790,12,Male,Second,Some College,,true,2,36
391791,10,Male,Second,Graduate,,true,1,52
391792,8,Female,Fourth,College,,true,0,0
391793,8,Female,Second,Some College,,true,0,27
391794,8,Female,First,College,,true,1,8
391795,8,Male,First,Graduate,,true,0,15
391796,8,Female,Third,College,,true,0,24
391797,8,Male,Third,Some Graduate,,true,0,15
391798,8,Female,First,Some Secondary,,true,0,102
391799,16,Female,Second,Some Graduate,,true,81,295
391800,15,Female,First,Some College,Hispanic,true,79,177
391801,11,Female,First,Secondary,,true,16,130
391802,10,Male,First,Graduate,,true,3,30
391803,11,Male,Third,Some College,,true,2,40
391804,10,Female,Second,Some College,,true,0,170
391805,10,Male,Second,Some College,,true,1,122
391806,10,Male,Second,College,,true,4,74
391807,11,Female,First,Some College,,true,1,16
391808,11,Female,First,Some College,,true,0,105
391809,11,Male,Second,Secondary,,true,6,96
391810,11,Female,First,Secondary,,true,6,75
391811,10,Female,First,Some Secondary,,true,17,280
391812,11,Female,First,Secondary,,true,53,154
391813,14,Male,Third,Secondary,,true,15,185
391814,12,Female,Second,Some Graduate,,true,0,66
391815,11,Female,Second,College,,true,1,34
391816,11,Male,Second,College,,true,0,41
391817,11,Male,Second,College,,true,13,85
391818,12,Female,Third,Some Graduate,,true,1,57
391819,9,Female,First,Some College,,true,1,21
391820,9,Male,Second,Graduate,,true,0,54
391821,9,Female,Third,Some College,,true,3,261
391822,10,Male,First,Graduate,,true,0,7
391823,10,Female,Second,Graduate,,true,0,27
391824,9,Male,Second,Some College,,true,0,99
391825,13,Male,Third,Secondary,,true,5,161
391826,12,Female,Second,College,,true,14,49
391827,12,Male,Second,Secondary,,true,9,82
391828,9,Female,Second,College,,true,1,57
391829,11,Female,Second,College,,true,12,135
391830,9,Male,Second,Some College,,true,1,27
391831,11,Male,Third,Some College,,true,2,11
391832,12,Male,Second,Secondary,,true,0,15
391833,10,Male,First,Some Graduate,,true,7,65
391834,10,Female,First,Secondary,,true,7,147
391835,10,Female,Second,Some College,,true,0,111
391836,10,Female,First,College,,true,0,20
391837,10,Female,Second,College,,true,1,118
391838,12,Male,Second,Graduate,,true,4,87
391839,12,Male,First,College,,true,29,175
391840,13,Male,First,College,,true,2,64
391841,14,Male,Second,College,,true,18,178
391842,13,Male,Second,Graduate,,true,18,338
391843,13,Male,First,Graduate,,true,34,80
391844,13,Male,Third,College,,true,13,64
391845,12,Male,Third,College,,true,4,44
391846,9,Male,Second,Secondary,,true,0,16
391847,15,Female,First,College,,true,32,105
391848,16,Male,First,Graduate,,true,88,120
391849,9,Male,Second,College,Hispanic,true,0,8
391850,13,Male,Second,Graduate,,true,0,138
391851,14,Male,Second,College,,true,26,86
391852,12,Male,Second,Secondary,,true,0,7
391853,12,Female,Second,Some College,,true,9,54
391854,12,Male,First,Graduate,,true,5,63
391855,14,Female,Sixth,Secondary,,true,15,60
391856,13,Male,Fourth,Some College,,true,5,58
391857,13,Male,First,Some College,,true,45,96
391858,15,Female,First,College,,true,12,35
391859,13,Female,First,College,,true,32,163
391860,12,Female,Third,Some College,,true,3,91
391861,12,Female,First,College,,true,6,74
391862,12,Male,First,Secondary,,true,4,164
391863,14,Female,First,College,Hispanic,true,24,190
391864,13,Male,Third,Secondary,,true,4,61
391865,13,Female,Second,Secondary,,true,13,110
391866,13,Male,First,College,,true,2,141
391867,15,Female,First,College,,true,16,168
391868,13,Female,First,Graduate,,true,24,180
391869,13,Female,Third,Some College,,true,3,125
391870,13,Male,Second,Some College,,true,3,88
391871,13,Female,First,Secondary,,true,20,169
391872,13,Male,Second,Some College,,true,33,175
391873,13,Female,Third,Some College,,true,0,35
391874,12,Male,First,Some Graduate,,true,0,44
391875,13,Male,First,Some College,,true,4,62
391876,13,Female,Third,College,,true,16,180
391877,13,Female,First,College,,true,23,114
391878,11,Male,First,Some College,,true,1,11
391879,11,Male,First,College,,true,2,142
391880,11,Female,Second,Secondary,,true,0,54
391881,11,Female,Second,Some College,,true,14,177
391882,9,Female,First,College,,true,1,125
391883,9,Female,Second,Some College,,true,4,70
391884,8,Female,Second,College,,true,0,37
391885,15,Female,Second,Graduate,,true,38,317
391886,10,Male,First,Some College,,true,2,48
391887,10,Male,First,Some College,,true,2,23
391888,9,Male,First,Graduate,,true,5,96
391889,9,Female,Fourth,Secondary,,true,0,16
391890,10,Female,Second,Some College,,true,0,18
391891,8,Female,Third,Some College,,true,0,5
391892,8,Male,Third,Secondary,,true,7,117
391893,14,Female,Third,Secondary,,true,0,203
391894,9,Male,First,Secondary,,true,0,28
391895,11,Male,Second,Secondary,,true,7,79
391896,11,Male,Seventh,Secondary,,true,0,39
391897,13,Male,First,Graduate,,true,6,109
391898,9,Male,Second,Graduate,,true,3,4
391899,11,Male,Second,College,,true,5,60
391900,11,Male,Second,Graduate,,true,0,30
391901,12,Male,First,College,,true,18,227
391902,12,Female,First,Secondary,,true,24,148
391903,13,Male,First,College,,true,3,109
391904,13,Male,Second,Secondary,,true,12,121
391905,9,Female,First,College,,true,0,22
391906,8,Female,First,Graduate,,true,0,11
391907,16,Female,Second,College,,true,6,275
391908,9,Female,Second,Some College,,true,4,21
391909,9,Female,First,College,,true,0,38
391910,11,Female,Second,Graduate,,true,11,41
391911,15,Male,Second,Secondary,,true,193,314
391912,9,Male,Third,Graduate,,true,0,0
391913,13,Female,Second,Graduate,,true,33,67
391914,12,Male,First,Secondary,,true,1,77
391915,11,Female,First,Secondary,,true,1,150
391916,17,Male,First,Some College,,true,5,9
391917,16,Female,First,Some College,,true,41,90
391918,17,Male,First,College,,true,55,117
391919,16,Male,Second,Some College,,true,11,159
391920,16,Male,First,Graduate,,true,7,157
391921,16,Female,Second,College,,true,18,173
391922,16,Female,First,College,,true,221,396
391923,17,Male,First,College,Hispanic,true,29,279
391924,8,Male,Third,College,,true,2,67
391925,17,Female,Second,Some College,,true,240,321
391926,8,Male,Second,,,false,2,66
391927,15,Male,Second,Secondary,,true,30,338
391928,13,Male,Fourth,Some College,,true,5,206
391929,12,Male,Third,Some Secondary,,true,2,22
391930,11,Female,First,Some Secondary,,true,0,158
391931,8,Male,Second,Graduate,,true,2,4
391932,9,Male,Third,College,,true,0,15
391933,9,Male,Second,Some Graduate,,true,0,5
391934,8,Male,Second,Secondary,,true,11,28
391935,16,Male,Third,College,,true,0,72
391936,17,Male,Second,Graduate,,true,37,243
391937,17,Female,Second,College,,true,88,330
391938,17,Male,First,Secondary,,true,6,125
391939,16,Male,First,Some College,,true,40,338
391940,10,Male,,Secondary,,true,5,56
391941,13,Male,First,Secondary,,true,16,55
391942,14,Male,Fourth,Some Secondary,,true,6,42
391943,16,Male,Third,Secondary,,true,18,140
391944,11,Male,Fifth,Some College,,true,1,88
391945,16,Female,First,Some Secondary,,true,179,276
391946,12,Female,Fourth,Some College,,true,34,393
391947,14,Male,Second,Some College,Hispanic,true,1,109
391948,10,Female,,Some Secondary,,true,14,58
391949,15,Male,First,Secondary,,true,39,69
391950,9,Male,First,Some Secondary,,true,0,49
391951,10,Female,Second,Some Secondary,,true,0,20
391952,15,Female,Third,Some College,,true,15,88
391953,12,Female,Second,Some College,,true,4,18
391954,12,Male,Third,Graduate,,true,12,97
391955,12,Male,First,Some College,,true,0,20
391956,13,Female,Fifth,Some College,,true,7,69
391957,12,Male,First,College,,true,0,61
391958,12,Female,Second,Some College,,true,10,37
391959,12,Male,Third,Graduate,,true,6,26
391960,12,Male,First,Some College,,true,4,66
391961,12,Female,First,Some College,,true,4,68
391962,12,Female,Second,Graduate,,true,1,28
391963,12,Female,First,Secondary,,true,16,127
391964,13,Female,First,Graduate,,true,12,78
391965,12,Male,First,College,,true,4,87
391966,12,Male,First,Graduate,,true,10,38
391967,13,Female,First,College,Hispanic,true,10,71
391968,13,Male,First,Some College,Hispanic,true,0,4
391969,13,Male,Second,Secondary,,true,6,59
391970,13,Male,First,College,,true,8,157
391971,14,Female,First,Some Graduate,,true,10,129
391972,14,Male,First,Graduate,,true,15,44
391973,14,Female,First,College,,true,29,94
391974,14,Female,First,Graduate,,true,18,110
391975,14,Male,First,Some College,,true,13,77
391976,14,Male,,College,,true,19,130
391977,13,Male,First,College,Hispanic,true,26,50
391978,13,Male,Second,College,,true,4,122
391979,12,Female,First,Secondary,,true,10,71
391980,16,Male,Third,College,,true,27,103
391981,16,Female,First,Graduate,,true,179,279
391982,17,Male,Third,College,,true,14,202
391983,16,Female,First,College,,true,18,66
391984,16,Male,First,Graduate,,true,225,289
391985,15,Male,First,Graduate,,true,17,123
391986,15,Female,First,Some College,,true,325,337
391987,16,Female,First,Some College,,true,7,45
391988,16,Female,Third,College,,true,6,260
391989,16,Female,Second,Graduate,,true,74,169
391990,16,Female,First,Graduate,,true,122,266
391991,11,Female,First,College,,true,15,247
391992,15,Male,First,Some College,,true,64,253
391993,15,Male,Second,College,,true,19,151
391994,12,Male,First,Some College,,true,3,16
391995,13,Female,First,College,,true,0,124
391996,13,Female,First,Some College,Hispanic,true,0,67
391997,14,Female,Second,Graduate,,true,16,137
391998,14,Female,First,Secondary,,true,2,87
391999,14,Male,First,Graduate,,true,16,54
392000,14,Male,Second,College,,true,8,57
392001,15,Male,Second,Secondary,,true,38,136
392002,15,Male,First,Secondary,,true,0,182
392003,15,Female,Third,Secondary,,true,19,171
392004,16,Male,First,College,,true,15,134
392005,15,Female,First,Secondary,,true,53,219
392006,16,Female,Second,Secondary,,true,11,104
392007,14,Male,Second,College,,true,11,125
392008,13,Female,Second,Secondary,,true,21,125
392009,16,Male,First,Some College,,true,10,282
392010,13,Male,Second,Graduate,,true,7,20
392011,13,Female,First,Secondary,,true,3,57
392012,13,Male,First,Secondary,,true,0,40
392013,14,Male,First,Graduate,,true,8,41
392014,15,Male,Second,Some College,,true,9,82
392015,15,Female,Second,Some Graduate,,true,13,164
392016,13,Female,First,College,,true,38,115
392017,15,Female,Second,Secondary,,true,41,343
392019,16,Male,Second,College,,true,21,176
392020,16,Female,First,College,,true,215,315
392021,17,Male,First,Some College,,true,51,112
392022,13,Female,First,Some College,,true,6,145
392023,14,Female,Second,Some College,,true,3,217
392024,9,Male,First,Some College,,true,4,196
392025,9,Male,First,Some College,,true,4,11
392026,9,Female,First,College,,true,1,1
392027,10,Female,Third,Some College,,true,7,26
392028,10,Male,Second,Some College,,true,4,17
392029,10,Male,Second,College,,true,2,53
392030,10,Female,First,College,,true,13,114
392031,9,Female,Second,Secondary,,true,2,17
392032,11,Male,First,College,,true,0,14
392033,11,Female,First,College,,true,4,15
392034,11,Female,First,College,,true,1,5
392035,12,Male,First,Some College,,true,11,42
392036,12,Male,Second,Some College,,true,2,64
392037,12,Female,Second,Graduate,,true,3,77
392038,11,Female,First,College,,true,6,12
392039,12,Male,First,Some College,,true,30,167
392040,12,Female,Second,College,,true,6,32
392041,14,Female,Third,Secondary,Hispanic,true,23,123
392042,15,Female,First,Secondary,,true,84,229
392043,14,Female,Third,Some Graduate,,true,5,77
392044,14,Female,First,College,,true,8,66
392045,15,Male,Fourth,Graduate,,true,32,172
392046,12,Female,Second,College,,true,25,145
392047,11,Male,Fourth,Some Secondary,,true,0,49
392048,12,Male,First,Secondary,,true,3,11
392049,9,Male,First,College,,true,0,61
392050,9,Male,First,Some College,,true,1,14
392051,10,Female,Second,College,,true,5,68
392052,9,Female,First,College,,true,3,23
392053,10,Male,Second,College,,true,0,34
392054,10,Female,First,Some College,,true,3,39
392055,12,Female,Second,Secondary,,true,5,35
392056,9,Female,Second,Graduate,,true,4,34
392057,9,Male,Fourth,Graduate,,true,0,20
392058,12,Female,Second,Some College,,true,1,39
392059,11,Female,First,College,,true,2,52
392060,13,Female,First,College,,true,0,62
392061,12,Female,Third,Secondary,,true,4,140
392062,13,Female,First,Some College,,true,6,106
392063,13,Female,Second,Graduate,,true,20,256
392064,10,Male,Third,Some College,,true,3,64
392065,14,Male,First,College,,true,2,11
392066,14,Male,Second,College,,true,5,115
392067,11,Male,First,College,,true,13,44
392068,11,Male,Third,College,,true,1,52
392069,14,Male,First,Some College,,true,73,314
392070,12,Female,Second,Secondary,,true,7,27
392071,11,Male,First,College,,true,0,37
392072,9,Female,Second,College,,true,5,20
392073,11,Female,Second,College,,true,5,100
392074,9,Male,Second,Some College,,true,0,79
392075,15,Male,First,Some College,,true,22,126
392076,15,Male,First,College,,true,0,341
392077,9,Male,Second,Graduate,,true,0,19
392078,10,Male,Fifth,College,,true,0,3
392079,9,Male,Third,College,,true,0,4
392080,9,Female,First,Secondary,,true,5,177
392081,9,Male,Second,Some College,,true,0,17
392082,9,Male,Third,College,,true,2,11
392083,9,Male,Second,Graduate,,true,0,42
392084,14,Female,Second,College,,true,17,89
392085,13,Female,First,Graduate,,true,27,55
392086,12,Male,Second,Some College,,true,6,132
392087,10,Male,First,College,,true,0,2
392088,10,Male,First,Graduate,,true,4,11
392089,10,Female,First,Some College,,true,4,22
392090,10,Male,First,Secondary,,true,3,63
392091,10,Male,Third,Graduate,,true,6,25
392092,10,Male,First,College,,true,0,15
392093,9,Male,First,College,,true,0,6
392094,16,Female,First,Graduate,,true,61,283
392095,17,Male,First,Some College,,true,54,124
392096,9,Male,Second,Graduate,,true,0,18
392097,10,Female,Second,College,,true,0,35
392098,9,Female,First,Graduate,,true,0,7
392099,9,Female,Second,College,,true,0,12
392100,11,Male,First,Some College,,true,0,27
392101,12,Female,Second,Some College,,true,6,66
392102,11,Male,First,College,,true,4,7
392103,11,Female,Second,Some College,,true,7,62
392104,11,Male,First,Some College,,true,4,46
392105,11,Female,Second,Some College,,true,3,42
392106,11,Female,Third,Some College,,true,1,32
392107,10,Male,Second,Some College,,true,7,68
392108,11,Female,First,Graduate,,true,5,50
392109,11,Female,First,College,,true,5,16
392110,11,Female,Second,Some Secondary,,true,3,32
392111,11,Female,First,Secondary,,true,7,89
392112,10,Female,First,College,,true,3,32
392113,12,Male,First,Secondary,,true,20,77
392114,13,Male,Second,College,,true,24,90
392115,11,Female,First,Secondary,,true,27,139
392116,13,Female,First,Some Secondary,,true,16,81
392117,13,Male,Second,College,,true,17,185
392118,13,Female,First,Some College,,true,14,86
392119,13,Male,First,Some Graduate,,true,15,142
392120,12,Female,Second,College,,true,34,161
392121,15,Male,Second,Some College,,true,7,152
392122,16,Male,Second,Secondary,,true,14,97
392123,14,Female,First,Graduate,,true,7,79
392124,14,Male,First,College,,true,6,67
392125,9,Male,Third,Secondary,,true,1,18
392126,9,Male,First,Some College,,true,0,9
392127,9,Female,Second,College,,true,0,56
392128,9,Male,First,College,,true,1,7
392129,13,Male,First,College,,true,5,54
392130,15,Male,First,Some College,,true,18,115
392131,15,Female,Second,Some Graduate,,true,7,37
392132,10,Female,First,College,,true,1,38
392133,12,Male,First,Secondary,,true,0,10
392134,11,Male,First,Some College,,true,5,209
392135,12,Male,Fourth,Some Graduate,,true,2,77
392136,12,Male,First,Some College,,true,3,38
392137,13,Female,First,Some College,,true,4,31
392138,15,Male,First,College,,true,29,62
392139,10,Female,Second,Some College,,true,0,24
392140,12,Female,Second,College,,true,0,95
392141,15,Female,Second,College,,true,35,99
392142,15,Female,First,Some Graduate,,true,3,36
392143,15,Female,First,Graduate,,true,10,115
392144,16,Female,First,College,,true,84,286
392145,16,Male,Second,College,,true,16,187
392146,16,Female,First,Graduate,,true,39,162
392147,17,Female,First,Some Secondary,,true,155,265
392148,17,Male,First,College,,true,48,153
392149,17,Female,Second,College,,true,5,262
392150,10,Female,Second,College,,true,0,21
392151,15,Male,Second,College,,true,3,65
392152,14,Male,Second,College,,true,3,23
392153,16,Male,First,College,,true,18,57
392154,16,Female,Second,College,,true,18,160
392155,16,Male,First,College,,true,48,85
392156,15,Female,Fourth,Some College,,true,14,88
392157,15,Male,Second,College,,true,5,31
392158,13,Male,First,Secondary,,true,1,51
392159,13,Female,Second,College,,true,0,32
392160,11,Female,First,Some College,,true,0,28
392161,16,Female,First,College,,true,58,195
392162,12,Female,Second,Some Graduate,,true,18,89
392163,12,Female,First,College,,true,21,87
392164,14,Female,Second,Secondary,,true,16,125
392165,12,Male,First,College,,true,6,131
392166,9,Male,Third,Secondary,,true,1,17
392167,10,Male,Second,Secondary,,true,6,131
392168,12,Male,Second,College,,true,49,195
392169,18,Female,Second,College,,true,6,39
392170,14,Male,First,Secondary,,true,13,128
392171,12,Female,First,Secondary,,true,1,228
392172,13,Male,Second,Secondary,,true,83,335
392173,15,Male,Third,Some College,,true,26,98
392174,12,Female,First,Some Graduate,,true,12,152
392175,10,Female,First,Secondary,,true,6,14
392176,12,Male,First,Secondary,,true,13,82
392177,17,Male,Second,Graduate,,true,15,219
392178,12,Male,Second,Some Graduate,,true,2,50
392179,13,Male,First,Graduate,,true,20,77
392180,9,Female,First,Secondary,,true,2,6
392181,9,Female,First,Secondary,,true,7,33
392182,12,Male,Second,Secondary,,true,1,81
392183,12,Female,First,Secondary,,true,0,64
392184,13,Female,First,College,,true,14,24
392185,14,Female,Third,Secondary,,true,15,123
392186,14,Female,Second,Secondary,,true,19,172
392187,15,Male,Third,Secondary,,true,44,252
392188,16,Male,Second,Some Secondary,Hispanic,true,12,34
392189,13,Female,Second,Some College,,true,5,160
392190,17,Male,Second,Some Secondary,,true,0,61
392191,14,Female,Third,Secondary,,true,36,395
392192,13,Female,Second,Some College,,true,0,15
392193,15,Female,Third,Some College,,true,6,105
392194,14,Male,Second,Secondary,,true,1,13
392195,16,Female,Second,Some Secondary,,true,15,157
392196,14,Male,Third,Some Secondary,Hispanic,true,2,38
392197,14,Male,Second,Some College,,true,0,0
392198,14,Male,Third,College,,true,2,13
392199,15,Male,Second,Secondary,Hispanic,true,0,209
392200,12,Female,Second,Secondary,Hispanic,true,1,95
392201,13,Male,Second,Secondary,Hispanic,true,6,60
392202,15,Female,Third,Some Secondary,Hispanic,true,7,171
392203,15,Female,Second,Secondary,,true,32,82
392204,17,Male,Third,Some Secondary,,true,44,146
392205,13,Male,Third,Some College,,true,103,264
392206,14,Female,Second,Secondary,Hispanic,true,27,367
392207,15,Female,Second,Some Secondary,,true,29,127
392208,15,Male,Second,Secondary,,true,8,163
392209,16,Female,Fourth,Some Secondary,,true,34,276
392210,13,Female,Second,Secondary,,true,58,311
392211,14,Female,Third,Secondary,,true,13,114
392212,11,Female,Second,Some College,,true,3,98
392213,18,Male,Fourth,College,,true,16,271
392214,15,Male,Fifth,Secondary,,true,20,304
392215,13,Male,Second,Some College,,true,11,195
392216,12,Female,Fourth,Secondary,,true,7,60
392217,12,Female,Third,Some College,,true,16,31
392218,17,Female,Second,Secondary,,true,2,230
392219,13,Female,Fifth,Some College,,true,18,131
392220,16,Female,Fourth,Secondary,,true,3,81
392221,15,Male,Fourth,Some College,,true,13,63
392222,13,Male,Fourth,Some College,Hispanic,true,8,56
392223,14,Male,Third,Some College,,true,2,23
392224,12,Female,Second,Some College,,true,1,109
392225,13,Female,Fourth,Some College,,true,1,116
392226,15,Female,Second,Some Secondary,,true,2,105
392227,12,Female,Second,Secondary,,true,4,61
392228,14,Male,Third,Some Secondary,,true,3,34
392229,14,Female,Third,Some Secondary,Hispanic,true,7,140
392230,13,Female,Second,Some College,Hispanic,true,17,105
392231,15,Female,Third,Some College,,true,0,76
392232,15,Female,Second,Some College,,true,376,396
392233,12,Male,Third,Some College,,true,3,10
392234,12,Female,Sixth,Some Secondary,,true,0,18
392235,15,Female,Second,Secondary,,true,78,393
392236,15,Male,Third,Secondary,Hispanic,true,0,120
392237,12,Female,Third,Some College,,true,2,139
392238,17,Female,Third,Some College,,true,37,191
392239,15,Female,Second,Secondary,,true,25,293
392240,15,Female,Fourth,Secondary,,true,0,16
392241,13,Male,Second,Secondary,Hispanic,true,2,7
392242,14,Male,Fourth,Secondary,Hispanic,true,5,38
392243,14,Female,Third,Primary,,true,0,3
392244,13,Female,Second,Secondary,,true,1,48
392245,17,Male,First,Some College,,true,20,113
392246,12,Female,Second,Graduate,,true,9,62
392247,12,Male,First,Some College,,true,5,48
392248,12,Female,Second,Graduate,,true,6,96
392249,16,Female,First,Secondary,,true,0,45
392250,13,Male,First,Some Secondary,,true,16,208
392251,16,Male,First,Secondary,,true,85,186
392252,10,Male,First,Some Secondary,,true,7,19
392253,13,Female,First,Some Secondary,,true,29,69
392254,13,Male,First,Some Secondary,,true,1,89
392255,15,Female,First,Secondary,,true,155,330
392256,8,Male,First,Some Secondary,,true,4,221
392257,11,Female,Second,Secondary,,true,2,34
392258,13,Male,Second,Primary,,true,8,160
392259,10,Female,First,Some Secondary,,true,3,85
392260,10,Female,First,Some Secondary,,true,0,58
392261,14,Female,First,Some Secondary,,true,21,83
392262,16,Male,First,Secondary,,true,165,328
392263,14,Male,First,Secondary,,true,7,70
392264,17,Female,First,Some Secondary,,true,53,189
392265,17,Female,First,Secondary,,true,56,174
392266,12,Female,Fourth,Secondary,,true,1,80
392267,10,Female,Second,Some Secondary,,true,0,60
392268,15,Female,Third,Some Secondary,,true,27,155
392269,9,Male,Second,Some Secondary,,true,2,29
392270,10,Female,Second,Some Secondary,,true,1,88
392271,8,Male,Second,Secondary,,true,0,40
392272,13,Male,Second,Some Secondary,,true,0,71
392273,8,Male,Second,Some Secondary,,true,1,64
392274,11,Male,Second,Some Secondary,,true,7,27
392275,15,Female,First,Some Secondary,,true,0,53
392276,10,Female,First,Secondary,,true,0,15
392277,14,Male,First,Secondary,,true,1,154
392278,18,Male,Second,Some Secondary,,true,138,288
392279,15,Male,Second,College,,true,3,121
392280,14,Female,First,College,,true,9,108
392281,15,Male,First,Some College,Hispanic,true,3,70
392282,12,Male,Second,Secondary,,true,4,45
392283,12,Male,Second,Secondary,,true,42,193
392284,15,Female,First,Graduate,Hispanic,true,9,34
392285,15,Male,First,Secondary,,true,19,177
392286,13,Female,Third,Secondary,,true,6,107
392287,13,Female,First,Secondary,,true,3,95
392288,17,Male,First,College,,true,260,317
392289,13,Male,First,Secondary,,true,1,17
392290,14,Female,Second,College,,true,11,235
392291,15,Female,Fourth,Secondary,,true,26,119
392292,12,Male,Third,Secondary,,true,6,158
392293,12,Male,First,Graduate,,true,5,16
392294,18,Male,First,Graduate,,true,133,262
392295,16,Female,First,Secondary,,true,94,306
392296,13,Male,First,Graduate,,true,4,7
392297,10,Male,Second,Some Secondary,,true,0,46
392298,13,Male,Second,Secondary,Hispanic,true,5,132
392299,13,Female,Third,Secondary,,true,3,114
392300,15,Female,Second,Some Secondary,,true,26,89
392301,12,Male,First,Secondary,,true,37,88
392302,12,Male,First,Graduate,Hispanic,true,1,23
392303,11,Female,First,Graduate,Hispanic,true,7,79
392304,16,Male,Fifth,Some College,,true,6,54
392305,15,Male,First,College,Hispanic,true,5,159
392306,13,Male,First,Graduate,,true,5,27
392307,12,Female,Second,Secondary,,true,34,115
392308,12,Female,First,College,,true,11,70
392309,13,Male,First,Graduate,,true,1,101
392310,13,Female,First,Secondary,,true,4,17
392311,12,Male,Second,Graduate,,true,1,13
392312,12,Female,First,Some College,,true,12,33
392313,14,Female,Sixth,Secondary,,true,2,41
392314,14,Female,Fourth,Some Secondary,,true,2,106
392315,13,Female,Second,Secondary,,true,3,41
392316,14,Female,Third,Secondary,,true,11,44
392317,12,Male,Second,Secondary,,true,1,36
392318,12,Male,First,Secondary,,true,9,98
392320,13,Male,Second,Secondary,,true,2,48
392321,12,Female,First,Secondary,,true,8,115
392322,14,Male,First,Some Secondary,,true,11,68
392323,13,Female,Third,College,,true,11,73
392324,9,Female,Third,Secondary,,true,5,30
392325,13,Female,First,Graduate,Hispanic,true,7,30
392326,9,Male,Second,Secondary,,true,0,12
392327,13,Male,First,Secondary,,true,0,74
392328,13,Male,First,Secondary,,true,7,79
392329,13,Male,Fourth,Secondary,,true,6,12
392330,17,Female,First,Secondary,,true,123,330
392331,9,,,,,false,0,144
392332,10,,,,,false,0,11
392333,10,,,,,false,0,0
392334,10,,,,,false,0,17
392335,10,,,,,false,3,10
392336,15,,,,,false,59,299
392337,14,,,,,false,14,78
392338,10,,,,,false,2,29
392339,15,,,,,false,15,214
392340,10,,,,,false,12,102
392341,10,,,,,false,0,102
392342,10,,,,,false,1,40
392343,10,,,,,false,2,160
392344,10,,,,,false,1,1
392345,10,,,,,false,0,11
392346,14,,,,,false,9,123
392347,14,,,,,false,34,177
392348,15,,,,,false,0,16
392349,10,,,,,false,0,21
392350,10,,,,,false,0,51
392351,9,,,,,false,1,81
392352,10,,,,,false,1,64
392353,15,,,,,false,23,103
392354,14,,,,,false,1,24
392355,14,,,,,false,40,182
392356,15,,,,,false,5,18
392357,15,,,,,false,59,342
392358,14,,,,,false,9,40
392359,13,,,,,false,11,28
392360,10,,,,,false,0,44
392361,13,,,,,false,6,45
392362,9,,,,,false,1,15
392363,10,,,,,false,2,13
392364,14,,,,,false,6,85
392365,14,,,,,false,9,70
392366,12,,,,,false,17,59
392367,15,,,,,false,0,3
392368,14,,,,,false,2,147
392369,14,,,,,false,2,147
392370,14,,,,,false,2,147
392371,12,,,,,false,0,48
392372,16,Female,,,,false,24,164
392373,16,Female,,,,false,16,265
392374,16,Male,,,,false,60,123
392375,16,Female,,,,false,15,193
392376,16,Male,,,,false,15,72
392377,16,Female,,,,false,13,74
392378,16,Female,,,,false,65,338
392379,16,Male,,,,false,83,225
392380,16,Male,,,,false,34,254
392381,17,Male,,,,false,43,274
392382,16,Female,,,,false,121,254
392383,16,Female,,,,false,35,193
392384,17,Male,,,,false,74,251
392385,16,Female,,,,false,117,259
392386,16,Female,,,,false,92,294
392387,16,Female,,,,false,3,334
392388,16,Female,,,,false,7,331
392389,16,Male,,,,false,40,188
392390,16,Male,,,,false,75,236
392391,16,Female,,,,false,31,122
392392,17,Male,,,,false,15,333
392393,16,Male,,,,false,95,273
392394,16,Male,,,,false,8,335
392395,16,Female,,,,false,44,245
392396,16,Female,,,,false,88,213
392397,16,Female,,,,false,23,112
392398,16,Female,,,,false,5,224
392399,16,Male,,,,false,16,184
392400,16,Male,,,,false,10,49
392401,16,Female,,,,false,26,187
392402,16,Female,,,,false,3,115
392403,16,Male,,,,false,37,156
392404,16,Female,,,,false,55,169
392405,16,Male,,,,false,2,31
392406,16,Male,,,,false,7,61
392407,16,Male,,,,false,54,221
392408,16,Male,,,,false,35,132
392409,16,Female,,,,false,49,212
392410,16,Female,,,,false,32,126
392411,16,Male,,,,false,55,249
392412,16,Female,,,,false,31,178
392413,16,Male,,,,false,89,194
392414,16,Male,,,,false,4,373
392415,17,Male,,,,false,21,191
392416,16,Female,,,,false,30,118
392417,16,Female,,,,false,71,199
392418,16,Female,,,,false,3,19
392419,16,Male,,,,false,17,98
392420,16,Male,,,,false,357,391
392421,16,Female,,,,false,12,225
392422,16,Male,,,,false,45,199
392423,16,Male,,,,false,49,133
392424,16,Male,,,,false,28,112
392425,16,Male,,,,false,6,133
392426,16,Female,,,,false,23,186
392427,16,Female,,,,false,229,392
392428,16,Male,,,,false,24,117
392429,16,Male,,,,false,14,308
392430,16,Male,,,,false,37,188
392431,16,Male,,,,false,30,199
392432,16,Female,,,,false,24,230
392433,16,Female,,,,false,48,319
392434,16,Female,,,,false,21,153
392435,16,Male,,,,false,17,340
392436,16,Male,,,,false,40,325
392437,16,Female,,,,false,32,172
392438,16,Female,,,,false,26,349
392439,16,Male,,,,false,48,119
392440,16,Male,,,,false,57,155
392441,16,Female,,,,false,4,147
392442,16,Male,,,,false,33,199
392443,16,Female,,,,false,108,180
392444,16,Male,,,,false,141,207
392445,16,Male,,,,false,24,262
392446,16,Male,,,,false,101,242
392447,16,Female,,,,false,35,161
392448,16,Male,,,,false,5,83
392449,16,Female,,,,false,106,357
392450,16,Male,,,,false,43,281
392451,16,Female,,,,false,133,226
392452,16,Female,,,,false,47,270
392453,16,Female,,,,false,84,222
392454,17,Male,,,,false,4,109
392455,16,Male,,,,false,75,156
392456,16,Male,,,,false,70,233
392457,16,Female,,,,false,7,209
392458,16,Female,,,,false,12,212
392459,16,Female,,,,false,250,311
392460,16,Female,,,,false,1,276
392461,16,Female,,,,false,75,229
392462,16,Female,,,,false,49,162
392463,16,Female,,,,false,2,308
392464,16,Male,,,,false,11,128
392465,16,Female,,,,false,45,157
392466,16,Male,,,,false,49,206
392467,16,Female,,,,false,30,84
392468,16,Male,,,,false,88,224
392469,16,Female,,,,false,39,352
392470,16,Male,,,,false,25,154
392471,16,Female,,,,false,15,197
392472,16,Male,,,,false,8,294
392473,16,Female,,,,false,81,292
392474,16,Male,,,,false,40,116
392475,16,Male,,,,false,3,112
392476,16,Female,,,,false,6,311
392477,16,Female,,,,false,1,204
392478,16,Female,,,,false,22,352
392479,16,Female,,,,false,145,317
392480,17,Male,,,,false,3,100
392481,16,Female,,,,false,169,315
392482,16,Female,,,,false,82,240
392483,16,Female,,,,false,172,287
392484,16,Male,,,,false,5,139
392485,16,Female,,,,false,3,36
392486,16,Female,,,,false,19,159
392487,16,Female,,,,false,9,243
392488,16,Female,,,,false,79,258
392489,16,Male,,,,false,19,278
392490,16,Male,,,,false,126,333
392491,16,Male,,,,false,11,158
392492,16,Female,,,,false,32,104
392493,16,Male,,,,false,8,198
392494,16,Male,,,,false,69,266
392495,16,Male,,,,false,11,82
392496,16,Female,,,,false,14,52
392497,16,Male,,,,false,13,269
392498,16,Female,,,,false,19,199
392499,16,Male,,,,false,67,213
392500,16,Male,,,,false,15,254
392501,17,Male,,,,false,18,151
392502,16,Male,,,,false,26,191
392503,16,Female,,,,false,17,299
392504,16,Female,,,,false,37,182
392505,16,Female,,,,false,28,144
392506,16,Female,,,,false,15,178
392507,16,Male,,,,false,71,174
392508,16,Female,,,,false,80,377
392509,16,Male,,,,false,59,155
392510,16,Female,,,,false,6,325
392511,16,Female,,,,false,11,212
392512,16,Female,,,,false,61,302
392513,16,Male,,,,false,14,140
392514,16,Male,,,,false,59,231
392515,16,Male,,,,false,34,130
392516,16,Male,,,,false,27,92
392517,16,Male,,,,false,9,260
392518,16,Male,,,,false,88,171
392519,16,Male,,,,false,24,152
392520,16,Male,,,,false,39,149
392521,16,Male,,,,false,79,237
392522,16,Male,,,,false,47,329
392523,16,Female,,,,false,16,223
392524,16,Female,,,,false,41,174
392525,16,Male,,,,false,16,124
392526,16,Male,,,,false,23,302
392527,16,Female,,,,false,48,132
392528,16,Female,,,,false,27,259
392529,16,Male,,,,false,46,264
392530,16,Female,,,,false,9,144
392531,16,Male,,,,false,85,317
392532,16,Male,,,,false,84,281
392533,17,Female,,,,false,27,233
392534,16,Female,,,,false,23,339
392535,16,Female,,,,false,132,266
392536,16,Male,,,,false,6,241
392537,16,Female,,,,false,13,113
392538,16,Male,,,,false,69,247
392539,16,Female,,,,false,65,276
392540,16,Female,,,,false,27,257
392541,16,Male,,,,false,9,94
392542,16,Female,,,,false,7,106
392543,16,Female,,,,false,21,107
392544,16,Male,,,,false,13,195
392545,16,Female,,,,false,48,105
392546,16,Male,,,,false,24,174
392547,16,Female,,,,false,3,74
392548,16,Male,,,,false,29,224
392549,16,Female,,,,false,45,222
392550,16,Male,,,,false,11,196
392551,16,Male,,,,false,16,109
392552,16,Female,,,,false,34,101
392553,16,Female,,,,false,158,378
392554,16,Male,,,,false,77,271
392555,16,Female,,,,false,242,328
392556,16,Female,,,,false,59,148
392557,16,Female,,,,false,15,311
392558,16,Female,,,,false,144,333
392559,16,Male,,,,false,57,264
392560,16,Male,,,,false,46,164
392561,16,Male,,,,false,12,101
392562,16,Female,,,,false,95,278
392563,16,Female,,,,false,54,302
392564,16,Female,,,,false,146,183
392565,16,Female,,,,false,34,150
392566,16,Male,,,,false,12,132
392567,16,Female,,,,false,25,178
392568,16,Male,,,,false,34,259
392569,16,Male,,,,false,27,152
392570,16,Female,,,,false,26,112
392571,16,Male,,,,false,85,248
392572,16,Female,,,,false,5,236
392573,16,Male,,,,false,33,158
392574,16,Male,,,,false,15,279
392575,16,Male,,,,false,122,366
392576,16,Female,,,,false,143,261
392577,16,Male,,,,false,29,165
392578,16,Female,,,,false,196,337
392579,16,Male,,,,false,102,327
392580,16,Female,,,,false,144,224
392581,16,Female,,,,false,10,120
392582,16,Female,,,,false,11,160
392583,16,Female,,,,false,174,316
392584,16,Male,,,,false,215,371
392585,16,Male,,,,false,256,339
392586,16,Male,,,,false,18,104
392587,16,Male,,,,false,27,229
392588,16,Male,,,,false,52,187
392589,16,Male,,,,false,98,200
392590,16,Female,,,,false,27,192
392591,16,Male,,,,false,38,336
392592,16,Male,,,,false,7,115
392593,16,Male,,,,false,30,124
392594,16,Male,,,,false,46,221
392595,16,Female,,,,false,11,78
392596,16,Male,,,,false,22,61
392597,16,Male,,,,false,18,185
392598,16,Female,,,,false,47,182
392599,16,Male,,,,false,23,259
392600,16,Female,,,,false,135,307
392601,16,Female,,,,false,25,225
392602,16,Male,,,,false,1,85
392603,16,Female,,,,false,64,280
392604,17,Male,,,,false,144,302
392605,16,Male,,,,false,41,182
392606,16,Male,,,,false,79,288
392607,16,Female,,,,false,31,231
392608,16,Male,,,,false,80,200
392609,16,Female,,,,false,64,196
392610,16,Female,,,,false,256,351
392611,16,Female,,,,false,74,187
392612,16,Male,,,,false,61,271
392613,16,Male,,,,false,3,164
392614,16,Male,,,,false,36,138
392615,16,Male,,,,false,9,85
392616,16,Male,,,,false,25,151
392617,16,Male,,,,false,39,195
392618,16,Female,,,,false,139,238
392619,16,Male,,,,false,39,370
392620,16,Male,,,,false,34,214
392621,16,Male,,,,false,7,180
392622,16,Male,,,,false,17,129
392623,16,Male,,,,false,22,112
392624,16,Female,,,,false,6,150
392625,16,Male,,,,false,73,165
392626,16,Female,,,,false,51,164
392627,16,Male,,,,false,29,139
392628,16,Male,,,,false,18,135
392629,16,Male,,,,false,82,381
392630,16,Male,,,,false,11,89
392631,16,Male,,,,false,69,233
392632,16,Female,,,,false,23,147
392633,16,Male,,,,false,8,178
392634,16,Female,,,,false,30,152
392635,16,Male,,,,false,12,183
392636,16,Female,,,,false,67,245
392637,16,Female,,,,false,108,285
392638,16,Male,,,,false,5,144
392639,16,Female,,,,false,90,244
392640,16,Female,,,,false,3,235
392641,16,Female,,,,false,46,208
392642,16,Male,,,,false,37,128
392643,16,Male,,,,false,86,311
392644,16,Female,,,,false,6,29
392645,16,Female,,,,false,20,235
392646,16,Male,,,,false,59,101
392647,16,Male,,,,false,8,43
392648,16,Female,,,,false,29,327
392649,16,Female,,,,false,27,194
392650,16,Male,,,,false,32,242
392651,16,Female,,,,false,186,334
392652,16,Male,,,,false,15,266
392653,16,Female,,,,false,61,132
392654,16,Female,,,,false,10,334
392655,16,Female,,,,false,74,187
392656,16,Female,,,,false,48,295
392657,16,Male,,,,false,54,241
392658,16,Female,,,,false,81,296
392659,16,Female,,,,false,133,288
392660,16,Female,,,,false,11,147
392661,16,Female,,,,false,1,250
392662,16,Male,,,,false,16,212
392663,16,Male,,,,false,50,339
392664,16,Male,,,,false,26,177
392665,16,Male,,,,false,52,198
392666,16,Male,,,,false,8,218
392667,16,Male,,,,false,101,173
392668,16,Male,,,,false,133,196
392669,16,Female,,,,false,29,155
392670,16,Male,,,,false,27,248
392671,16,Female,,,,false,6,75
392672,16,Female,,,,false,11,152
392673,16,Female,,,,false,235,297
392674,16,Male,,,,false,85,260
392675,16,Male,,,,false,43,221
392676,16,Female,,,,false,5,327
392677,16,Female,,,,false,44,215
392678,16,Male,,,,false,26,224
392679,16,Male,,,,false,31,85
392680,16,Male,,,,false,23,91
392681,16,Male,,,,false,78,279
392682,16,Male,,,,false,39,96
392683,16,Female,,,,false,55,194
392684,16,Male,,,,false,21,231
392685,16,Male,,,,false,115,239
392686,16,Female,,,,false,25,366
392687,16,Female,,,,false,35,88
392688,16,Female,,,,false,73,245
392689,16,Male,,,,false,18,222
392690,16,Male,,,,false,229,372
392691,16,Male,,,,false,5,311
392692,16,Male,,,,false,164,395
392693,16,Female,,,,false,140,390
392694,16,Male,,,,false,21,114
392695,16,Male,,,,false,24,144
392696,16,Female,,,,false,77,260
392697,16,Female,,,,false,46,229
392698,16,Male,,,,false,55,126
392699,16,Male,,,,false,74,193
392700,16,Male,,,,false,14,31
392701,16,Male,,,,false,31,150
392702,16,Female,,,,false,120,259
392703,16,Male,,,,false,46,112
392704,16,Female,,,,false,73,209
392705,16,Male,,,,false,47,122
392706,16,Male,,,,false,4,139
392707,16,Female,,,,false,99,202
392708,16,Female,,,,false,33,169
392709,16,Female,,,,false,37,80
392710,16,Female,,,,false,62,308
392711,16,Male,,,,false,59,233
392712,16,Male,,,,false,36,299
392713,16,Male,,,,false,22,252
392714,16,Male,,,,false,26,175
392715,16,Female,,,,false,40,134
392716,16,Male,,,,false,204,376
392717,16,Male,,,,false,5,202
392718,16,Male,,,,false,28,157
392719,16,Male,,,,false,5,109
392720,16,Male,,,,false,35,193
392721,16,Male,,,,false,118,283
392722,16,Female,,,,false,59,191
392723,16,Male,,,,false,75,141
392724,16,Female,,,,false,148,339
392725,16,Male,,,,false,70,193
392726,16,Male,,,,false,2,121
392727,16,Female,,,,false,95,322
392728,16,Female,,,,false,76,187
392729,16,Female,,,,false,155,271
392730,16,Male,,,,false,1,74
392731,16,Male,,,,false,52,224
392732,16,Male,,,,false,19,117
392733,16,Female,,,,false,35,205
392734,16,Male,,,,false,18,211
392735,16,Female,,,,false,20,163
392736,16,Female,,,,false,0,79
392737,16,Male,,,,false,21,290
392738,16,Female,,,,false,17,236
392739,16,Male,,,,false,46,272
392740,16,Female,,,,false,9,262
392741,16,Female,,,,false,85,185
392742,16,Male,,,,false,16,60
392743,16,Male,,,,false,70,342
392744,16,Male,,,,false,53,233
392745,16,Female,,,,false,81,180
392746,16,Female,,,,false,28,75
392747,16,Male,,,,false,45,233
392748,16,Male,,,,false,2,294
392749,16,Female,,,,false,6,308
392750,16,Male,,,,false,204,243
392751,16,Female,,,,false,20,125
392752,16,Female,,,,false,192,344
392753,16,Female,,,,false,32,210
392754,16,Female,,,,false,61,238
392755,16,Male,,,,false,26,129
392756,16,Male,,,,false,4,76
392757,16,Female,,,,false,40,217
392758,16,Female,,,,false,123,199
392759,16,Female,,,,false,21,149
392760,16,Female,,,,false,6,143
392761,16,Male,,,,false,85,262
392762,16,Male,,,,false,102,188
392763,16,Female,,,,false,67,187
392764,16,Male,,,,false,15,42
392765,16,Female,,,,false,5,77
392766,16,Male,,,,false,58,141
392767,16,Male,,,,false,26,206
392768,16,Male,,,,false,52,207
392769,16,Female,,,,false,3,78
392770,16,Male,,,,false,45,239
392771,16,Female,,,,false,12,288
392772,16,Female,,,,false,53,215
392773,16,Female,,,,false,37,68
392774,16,Male,,,,false,84,360
392775,16,Male,,,,false,85,318
392776,16,Male,,,,false,36,214
392777,16,Male,,,,false,119,252
392778,16,Female,,,,false,46,358
392779,16,Female,,,,false,39,131
392780,16,Male,,,,false,15,63
392781,16,Male,,,,false,33,254
392782,16,Male,,,,false,23,106
392783,16,Female,,,,false,19,157
392784,16,Male,,,,false,87,156
392785,16,Female,,,,false,138,260
392786,16,Male,,,,false,11,234
392787,16,Male,,,,false,63,184
392788,16,Female,,,,false,31,251
392789,16,Female,,,,false,66,281
392790,16,Female,,,,false,76,255
392791,16,Female,,,,false,25,123
392792,16,Female,,,,false,23,282
392793,16,Male,,,,false,13,83
392794,16,Male,,,,false,0,47
392795,16,Female,,,,false,54,231
392796,16,Female,,,,false,9,367
392797,16,Male,,,,false,141,235
392798,16,Female,,,,false,54,208
392799,16,Female,,,,false,37,106
392800,16,Male,,,,false,21,288
392801,16,Female,,,,false,107,300
392802,16,Female,,,,false,9,125
392803,16,Male,,,,false,40,160
392804,16,Male,,,,false,45,120
392805,16,Male,,,,false,113,289
392806,16,Female,,,,false,30,237
392807,16,Female,,,,false,56,135
392808,16,Male,,,,false,63,224
392809,16,Male,,,,false,6,193
392810,16,Male,,,,false,23,182
392811,16,Male,,,,false,60,243
392812,16,Male,,,,false,12,341
392813,16,Female,,,,false,9,235
392814,16,Female,,,,false,53,172
392815,16,Female,,,,false,72,325
392816,16,Male,,,,false,37,183
392817,16,Female,,,,false,73,227
392818,16,Male,,,,false,60,251
392819,16,Female,,,,false,40,361
392820,16,Male,,,,false,3,144
392821,16,Male,,,,false,53,139
392822,16,Female,,,,false,33,228
392823,16,Male,,,,false,24,48
392824,16,Male,,,,false,22,54
392825,16,Female,,,,false,14,163
392826,16,Male,,,,false,6,44
392827,16,Female,,,,false,17,77
392828,16,Male,,,,false,80,296
392829,16,Male,,,,false,20,73
392830,16,Female,,,,false,56,269
392831,16,Female,,,,false,36,208
392832,16,Female,,,,false,24,151
392833,16,Female,,,,false,149,207
392834,16,Male,,,,false,12,114
392835,16,Male,,,,false,10,239
392836,16,Female,,,,false,43,177
392837,16,Female,,,,false,244,311
392838,16,Male,,,,false,11,90
392839,16,Male,,,,false,37,264
392840,16,Female,,,,false,21,154
392841,16,Male,,,,false,39,241
392842,16,Female,,,,false,24,213
392843,16,Male,,,,false,36,122
392844,16,Male,,,,false,21,191
392845,16,Female,,,,false,40,173
392846,16,Male,,,,false,120,310
392847,16,Male,,,,false,57,175
392848,16,Male,,,,false,119,254
392849,16,Male,,,,false,35,125
392850,16,Male,,,,false,40,225
392851,16,Male,,,,false,21,120
392852,16,Male,,,,false,81,395
392853,16,Female,,,,false,13,247
392854,16,Male,,,,false,6,245
392855,16,Female,,,,false,29,136
392856,16,Female,,,,false,26,159
392857,16,Female,,,,false,25,162
392858,16,Female,,,,false,23,179
392859,16,Female,,,,false,9,278
392860,16,Female,,,,false,32,183
392861,16,Female,,,,false,90,310
392862,16,Male,,,,false,6,315
392863,16,Female,,,,false,22,66
392864,16,Female,,,,false,19,85
392865,16,Male,,,,false,53,245
392866,16,Male,,,,false,12,314
392867,16,Male,,,,false,16,188
392868,16,Female,,,,false,56,110
392869,16,Female,,,,false,1,58
392870,16,Female,,,,false,9,212
392871,16,Male,,,,false,46,235
392872,16,Female,,,,false,71,270
392873,16,Female,,,,false,54,201
392874,16,Female,,,,false,49,227
392875,16,Male,,,,false,23,112
392876,16,Female,,,,false,8,65
392877,16,Female,,,,false,9,242
392878,16,Female,,,,false,107,231
392879,16,Male,,,,false,76,248
392880,16,Female,,,,false,37,111
392881,16,Male,,,,false,61,357
392882,16,Male,,,,false,27,188
392883,16,Female,,,,false,98,341
392884,17,Male,,,,false,4,258
392885,16,Male,,,,false,13,310
392886,16,Female,,,,false,62,180
392887,16,Male,,,,false,21,149
392888,16,Female,,,,false,7,211
392889,16,Male,,,,false,70,118
392890,16,Male,,,,false,19,196
392891,16,Female,,,,false,34,254
392892,16,Male,,,,false,181,278
392893,16,Male,,,,false,231,342
392894,16,Male,,,,false,2,97
392895,16,Female,,,,false,2,99
392896,16,Female,,,,false,90,213
392897,16,Female,,,,false,50,157
392898,16,Male,,,,false,17,227
392899,16,Male,,,,false,7,183
392900,16,Female,,,,false,0,78
392901,16,Male,,,,false,8,61
392902,16,Male,,,,false,19,208
392903,16,Female,,,,false,57,202
392904,16,Female,,,,false,31,211
392905,16,Female,,,,false,91,270
392906,16,Male,,,,false,36,107
392907,16,Female,,,,false,69,162
392908,16,Male,,,,false,21,145
392909,16,Female,,,,false,110,208
392910,16,Female,,,,false,23,241
392911,16,Female,,,,false,43,179
392912,16,Male,,,,false,7,279
392913,16,Male,,,,false,23,155
392914,16,Male,,,,false,27,82
392915,16,Female,,,,false,77,143
392916,16,Female,,,,false,87,134
392917,16,Female,,,,false,25,291
392918,16,Female,,,,false,241,285
392919,16,Male,,,,false,72,184
392920,16,Male,,,,false,25,68
392921,16,Female,,,,false,39,192
392922,16,Female,,,,false,38,129
392923,16,Male,,,,false,109,256
392924,16,Female,,,,false,9,108
392925,16,Male,,,,false,120,323
392926,16,Male,,,,false,108,216
392927,16,Female,,,,false,386,396
392928,16,Female,,,,false,79,173
392929,16,Male,,,,false,25,34
392930,16,Male,,,,false,22,145
392931,16,Female,,,,false,29,386
392932,16,Male,,,,false,20,82
392933,16,Male,,,,false,15,152
392934,16,Male,,,,false,20,108
392935,16,Male,,,,false,14,321
392936,16,Male,,,,false,70,209
392937,16,Female,,,,false,9,202
392938,16,Female,,,,false,38,129
392939,16,Male,,,,false,10,153
392940,16,Male,,,,false,95,244
392941,16,Male,,,,false,18,289
392942,16,Male,,,,false,35,175
392943,16,Male,,,,false,15,272
392944,16,Male,,,,false,57,215
392945,16,Female,,,,false,33,202
392946,16,Male,,,,false,5,194
392947,16,Female,,,,false,20,123
392948,16,Male,,,,false,16,74
392949,16,Male,,,,false,50,342
392950,16,Male,,,,false,144,222
392951,16,Male,,,,false,26,273
392952,16,Male,,,,false,34,110
392953,16,Female,,,,false,115,287
392954,16,Male,,,,false,11,186
392955,16,Male,,,,false,42,241
392956,16,Female,,,,false,51,252
392957,16,Female,,,,false,35,202
392958,16,Female,,,,false,79,318
392959,16,Male,,,,false,23,145
392960,16,Male,,,,false,97,316
392961,16,Female,,,,false,16,254
392962,16,Female,,,,false,22,220
392963,16,Male,,,,false,2,176
392964,17,Male,,,,false,5,114
392965,16,Female,,,,false,58,286
392966,16,Male,,,,false,59,288
392967,16,Male,,,,false,20,215
392968,16,Female,,,,false,33,110
392969,16,Male,,,,false,66,199
392970,16,Male,,,,false,27,82
392971,16,Female,,,,false,10,213
392972,16,Male,,,,false,14,201
392973,16,Female,,,,false,20,146
392974,16,Female,,,,false,27,143
392975,16,Male,,,,false,159,308
392976,16,Male,,,,false,166,240
392977,16,Male,,,,false,24,278
392978,16,Male,,,,false,125,208
392979,16,Male,,,,false,48,253
392980,16,Female,,,,false,27,118
392981,16,Female,,,,false,260,298
392982,16,Male,,,,false,5,208
392983,16,Female,,,,false,42,165
392984,16,Male,,,,false,6,252
392985,16,Male,,,,false,168,246
392986,16,Female,,,,false,47,130
392987,16,Male,,,,false,49,176
392988,16,Female,,,,false,39,221
392989,16,Female,,,,false,96,306
392990,16,Female,,,,false,74,266
392991,16,Male,,,,false,157,296
392992,16,Female,,,,false,11,149
392993,16,Male,,,,false,13,80
392994,16,Male,,,,false,112,255
392995,16,Female,,,,false,37,148
392996,16,Male,,,,false,63,273
392997,16,Female,,,,false,58,323
392998,16,Male,,,,false,21,162
392999,16,Male,,,,false,41,109
393000,16,Male,,,,false,9,65
393001,16,Male,,,,false,13,238
393002,16,Female,,,,false,74,201
393003,16,Female,,,,false,48,249
393004,16,Female,,,,false,39,198
393005,16,Female,,,,false,27,278
393006,16,Male,,,,false,49,233
393007,16,Female,,,,false,68,275
393008,16,Male,,,,false,70,269
393009,16,Female,,,,false,57,253
393010,16,Female,,,,false,207,311
393011,16,Male,,,,false,10,51
393012,16,Female,,,,false,17,201
393013,16,Male,,,,false,21,119
393014,16,Female,,,,false,210,328
393015,16,Female,,,,false,35,70
393016,16,Male,,,,false,4,244
393017,9,Female,,,,false,0,0
393018,8,Male,,,,false,0,3
393019,8,Female,,,,false,2,81
393021,9,Male,,,,false,0,10
393022,10,Male,,,,false,0,4
393023,10,Male,,,,false,0,6
393024,9,Female,,,,false,0,12
393025,9,,,,,false,0,27
393026,8,Female,,,,false,0,0
393027,9,Male,,,,false,3,24
393028,9,Female,,,,false,0,3
393029,9,Female,,,,false,0,5
393030,12,Female,,,,false,6,190
393031,12,Male,,,,false,0,62
393032,14,Male,,,,false,10,43
393033,13,Female,,,,false,19,76
393034,11,Male,,,,false,5,44
393035,13,Male,,,,false,0,41
393036,12,Female,,,,false,1,26
393037,13,Female,,,,false,1,4
393038,13,Female,,,,false,3,56
393039,13,Female,,,,false,11,35
393040,14,Male,,,,false,39,164
393041,13,Female,,,,false,17,121
393042,18,Male,,,,false,19,175
393043,16,Male,,,,false,42,125
393044,17,Female,,,,false,119,259
393045,18,Male,,,,false,16,56
393046,15,Female,,,,false,28,128
393047,16,Female,,,,false,17,205
393048,16,Male,,,,false,9,117
393049,16,Female,,,,false,22,94
393050,16,Female,,,,false,17,106
393051,16,Male,,,,false,76,162
393052,16,,,,,false,1,233
393053,18,Male,,,,false,21,61
393054,15,Female,,,,false,42,171
393099,17,Female,,College,Hispanic,false,0,0
393106,11,Female,,College,,false,1,5
393107,17,Male,,Some College,,false,4,102
393108,12,Male,,College,,false,0,0
393109,12,Male,,College,,false,1,9
393110,18,Male,,Graduate,,false,0,4
393111,18,Male,,College,,false,1,33
393112,12,Male,,College,,false,0,8
393113,11,Male,,Graduate,,false,0,13
393115,12,Female,,College,,false,0,0
393116,17,Female,,Graduate,,false,19,182
393117,18,Male,,,,false,28,103
393119,18,Male,,College,,false,31,213
393121,17,Female,,College,,false,0,57
393122,12,Male,,Graduate,,false,0,22
393126,12,Male,,Graduate,,false,0,17
393127,18,Female,,College,,false,7,45
393130,17,Male,,Some College,,false,0,24
393131,12,Female,,College,,false,2,49
393132,17,Female,,College,,false,1,45
393135,11,Male,,Graduate,,false,0,0
393136,12,Male,,College,,false,0,2
393138,18,Female,,Some College,,false,1,38
393140,12,Female,,College,,false,2,32
393141,18,Female,,Graduate,,false,396,396
393144,12,Male,,Some College,,false,0,20
393146,12,Female,,Graduate,,false,0,2
393149,14,Female,,Some College,,false,348,350
393150,11,Male,,College,,false,1,60
393151,11,Male,,College,,false,313,319
393153,12,Female,,Graduate,,false,0,8
393154,11,Female,,College,,false,152,169
393155,11,Female,,College,,false,0,27
393157,18,Female,,College,,false,64,133
393158,12,Male,,College,,false,173,190
393159,17,Male,,College,,false,220,235
393160,12,Male,,Graduate,,false,1,56
393161,12,Male,,Some College,Hispanic,false,0,35
393162,12,Male,,Graduate,Hispanic,false,1,30
393163,17,Female,,Graduate,,false,53,188
393164,12,Male,,Some College,,false,3,39
393165,11,Male,,College,,false,4,46
393168,11,Female,,Some College,,false,2,26
393169,12,Male,,Graduate,,false,4,13
393170,12,Male,,Graduate,,false,6,160
393172,11,Male,,Graduate,,false,4,50
393173,18,Male,,Graduate,,false,28,72
393174,11,Male,,College,,false,4,28
393175,18,Male,,Graduate,,false,165,381
393176,11,Male,,Some College,Hispanic,false,9,59
393177,12,Male,,College,,false,5,31
393179,12,Female,,Some College,,false,3,50
393180,12,Male,,Some College,,false,1,68
393181,11,Male,,Some College,,false,1,86
393184,11,Female,,Graduate,,false,39,87
393186,17,Female,,Graduate,,false,14,87
393188,17,Female,,Some College,,false,7,188
393189,12,Female,,Some College,,false,63,130
393190,11,Female,,College,,false,0,18
393191,17,Male,,Graduate,,false,81,278
393192,11,Female,,College,,false,2,7
393195,18,Male,,Graduate,,false,0,46
393199,11,Male,,College,,false,0,9
393200,11,Male,,College,,false,0,12
393201,12,Female,,College,Hispanic,false,0,7
393202,17,Female,,,,false,7,306
393203,17,Female,,Graduate,,false,39,118
393204,13,Female,,College,,false,180,220
393206,17,Female,,Graduate,,false,136,312
393208,12,Male,,College,,false,1,1
393209,12,Male,,College,,false,0,11
393211,12,Female,,Graduate,,false,1,23
393212,12,Male,,Graduate,,false,0,12
393213,12,Male,,Graduate,,false,2,143
393214,11,Female,,College,,false,1,67
393218,11,Male,,Graduate,,false,11,33
393219,12,Male,,College,,false,1,28
393225,12,Female,,Graduate,,false,12,84
393227,12,Female,,Graduate,,false,1,1
393231,17,Female,,College,,false,46,100
393233,18,Male,,College,,false,6,38
393235,18,Male,,College,,false,2,44
393236,17,Male,,Graduate,,false,2,49
393237,11,Male,,College,,false,5,17
393238,17,Female,,College,,false,2,26
393239,12,Male,,College,,false,385,386
393242,17,Male,,Graduate,,false,3,96
393245,12,Male,,Graduate,,false,0,41
393246,17,Male,,Graduate,,false,4,34
393250,17,Female,,College,,false,68,123
393252,13,Female,,Some College,,false,12,65
393253,11,Male,,College,,false,1,12
393254,17,Male,,Graduate,,false,0,9
393255,17,Male,,College,,false,0,29
393256,12,Male,,Some College,,false,0,16
393258,11,Male,,Graduate,,false,0,10
393259,18,Female,,College,,false,9,75
393261,11,Male,,Some College,,false,2,11
393262,11,Female,,College,,false,0,19
393263,17,Male,,Some College,,false,3,29
393264,12,Female,,Graduate,,false,0,62
393265,18,Female,,Graduate,,false,134,156
393266,11,Female,,College,,false,0,7
393267,11,Male,,College,,false,1,60
393268,17,Male,,College,,false,9,110
393269,12,Male,,College,,false,3,5
393270,17,Female,,Graduate,,false,4,26
393271,17,Female,,College,,false,2,105
393272,17,Female,,College,,false,6,131
393274,18,Male,,College,,false,15,166
393276,17,Male,,Graduate,,false,26,178
393277,17,Male,,Some College,Hispanic,false,2,90
393278,17,Male,,Graduate,Hispanic,false,2,90
393280,17,Male,,College,,false,47,167
393281,12,Male,,Graduate,,false,0,34
393282,18,Female,,Some College,,false,38,162
393283,17,Male,,Graduate,,false,16,110
393284,17,Male,,Graduate,,false,29,214
393285,12,Male,,Graduate,,false,8,26
393286,18,Male,,Graduate,,false,121,225
393288,18,Male,,College,,false,35,133
393290,17,Male,,Some College,Hispanic,false,44,220
393291,18,Male,,College,,false,49,189
393293,18,Female,,Some College,,false,34,306
393294,18,Male,,Some College,,false,0,259
393295,12,Female,,Graduate,,false,166,196
393296,11,Male,,College,,false,1,113
393298,11,Female,,Graduate,,false,2,42
393300,11,Male,,College,,false,4,38
393302,17,Female,,Some College,,false,7,306
393303,17,Female,,College,,false,16,61
393305,17,Female,,College,,false,24,170
393306,12,Female,,Some College,,false,25,181
393307,12,Female,,Graduate,,false,0,15
393309,11,Male,,Graduate,,false,0,44
393310,12,Female,,Graduate,,false,0,21
393311,11,Female,,Graduate,,false,0,5
393312,17,Male,,College,,false,10,41
393313,17,Male,,College,,false,0,30
393314,17,Female,,College,Hispanic,false,9,111
393316,18,Female,,College,,false,48,165
393317,11,Male,,Some College,,false,1,5
393319,12,Male,,Graduate,,false,29,107
393320,18,Male,,College,,false,21,137
393321,17,Male,,College,,false,1,118
393322,12,Male,,Graduate,,false,3,57
393323,18,Female,,Graduate,,false,4,40
393324,17,Male,,Graduate,,false,328,370
393325,17,Female,,College,,false,16,181
393326,12,Female,,College,,false,13,117
393327,11,Female,,Graduate,,false,2,52
393328,11,Male,,Graduate,,false,8,59
393329,17,Male,,Graduate,,false,130,180
393330,17,Male,,College,,false,45,144
393331,12,Female,,College,,false,15,125
393332,12,Female,,Graduate,,false,5,142
393333,11,Male,,College,,false,4,39
393334,12,Male,,Some College,Hispanic,false,12,27
393335,12,Male,,Graduate,,false,2,74
393336,17,Female,,Graduate,,false,63,178
393337,18,Female,,Graduate,,false,33,84
393338,11,Female,,College,,false,5,19
393339,12,Male,,Graduate,,false,17,76
393340,11,Male,,College,,false,12,83
393344,18,Male,,College,,false,9,19
393346,18,Male,,College,,false,4,31
393348,17,Male,,Graduate,,false,2,82
393351,18,Female,,Some College,,false,22,217
393352,17,Male,,College,,false,0,23
393354,17,Male,,Some College,,false,4,35
393355,18,Male,,Graduate,,false,0,70
393357,18,Male,,Some College,,false,11,46
393358,17,Female,,College,,false,0,48
393360,18,Female,,Graduate,,false,9,72
393362,17,Female,,College,,false,6,47
393363,18,Male,,College,,false,3,155
393373,17,Male,,Graduate,,false,2,34
393377,18,Male,,Graduate,,false,95,139
393384,18,Female,,Graduate,,false,19,255
393385,18,Male,,College,,false,28,262
393386,17,Female,,Graduate,,false,91,142
393387,17,Male,,College,,false,130,313
393391,18,Female,,Some College,,false,215,343
393392,17,Male,,Graduate,,false,4,49
393393,17,Female,,Graduate,,false,5,29
393394,18,Female,,Graduate,,false,0,1
393399,17,Male,,Some College,,false,15,64
393400,18,Male,,Graduate,,false,78,235
393403,18,Male,,Graduate,,false,132,247
393406,18,Female,,College,,false,60,230
393407,17,Female,,Graduate,,false,40,178
393408,17,Male,,Graduate,,false,178,324
393411,18,Female,,College,,false,87,312
393412,18,Female,,Graduate,,false,69,325
393413,17,Male,,College,,false,67,271
393414,18,Male,,Some College,Hispanic,false,155,170
393415,18,Male,,Graduate,,false,30,160
393418,17,Female,,College,,false,48,78
393419,18,Male,,Graduate,,false,188,245
393420,17,Male,,College,,false,49,199
393453,14,Male,,Primary,Non-Hispanic,true,36,82
393454,17,Male,,Graduate,Non-Hispanic,true,71,160
393455,12,Female,,Secondary,Non-Hispanic,true,5,35
393456,14,Male,,Graduate,Non-Hispanic,true,10,50
393457,15,Male,,Graduate,Non-Hispanic,true,34,235
393458,11,Male,,College,Non-Hispanic,true,54,127
393459,17,Male,,College,Non-Hispanic,true,71,151
393460,10,Female,,Graduate,Hispanic,true,1,91
393461,12,Male,,College,Non-Hispanic,true,4,45
393462,11,Female,,Some College,Non-Hispanic,true,2,36
393463,12,Male,,Some Graduate,Non-Hispanic,true,0,120
393464,13,Male,,Secondary,Non-Hispanic,true,40,159
393465,12,Female,,College,Non-Hispanic,true,0,32
393466,18,Male,,Graduate,Non-Hispanic,true,25,58
393467,17,Male,,Primary,Non-Hispanic,true,49,102
393468,17,Male,,Secondary,Hispanic,true,7,79
393469,12,Male,,Graduate,Non-Hispanic,true,2,128
393470,8,Male,,College,Non-Hispanic,true,0,76
393471,9,Female,,Graduate,Non-Hispanic,true,0,127
393472,17,Male,,College,Non-Hispanic,true,11,29
393473,10,Female,,College,Non-Hispanic,true,8,49
393474,18,Male,,Graduate,Non-Hispanic,true,20,213
393475,13,Female,,Some College,Non-Hispanic,true,12,73
393476,13,Male,,Graduate,Non-Hispanic,true,11,56
393477,8,Male,,College,Non-Hispanic,true,0,23
393478,17,Female,,Graduate,Hispanic,true,343,355
393479,13,Male,,Graduate,Non-Hispanic,true,18,94
393480,12,Female,,College,Non-Hispanic,true,7,98
393481,13,Female,,Some College,Non-Hispanic,true,2,31
393482,16,Male,,College,Non-Hispanic,true,0,38
393483,10,Male,,College,Non-Hispanic,true,4,62
393484,14,Male,,Graduate,Non-Hispanic,true,0,52
393485,15,Female,,Graduate,Non-Hispanic,true,8,172
393486,13,Female,,Graduate,Non-Hispanic,true,2,35
393487,11,Male,,Secondary,Non-Hispanic,true,2,38
393488,11,Male,,Graduate,Non-Hispanic,true,261,396
393489,18,Female,,College,Non-Hispanic,true,3,10
393490,13,Female,,Some College,Non-Hispanic,true,18,142
393491,11,Male,,College,Non-Hispanic,true,75,143
393492,10,Female,,Graduate,Non-Hispanic,true,19,71
393493,11,Female,,College,Non-Hispanic,true,10,108
393494,10,Female,,Secondary,Non-Hispanic,true,1,4
393495,12,Female,,Graduate,Non-Hispanic,true,0,40
393496,17,Male,,College,Non-Hispanic,true,21,166
393497,12,Female,,Graduate,Non-Hispanic,true,6,41
393498,10,Female,,Some Graduate,Non-Hispanic,true,8,49
393499,13,Female,,Graduate,Non-Hispanic,true,0,14
393500,8,Male,,Graduate,Non-Hispanic,true,0,8
393501,12,Male,,Some College,Non-Hispanic,true,71,395
393502,16,Female,,Graduate,Non-Hispanic,true,10,48
393503,8,Male,,Graduate,Non-Hispanic,true,0,4
393504,10,Male,,College,Non-Hispanic,true,0,14
393505,12,Male,,Some College,Hispanic,true,0,21
393506,11,Male,,Some College,Non-Hispanic,true,7,396
393507,8,Female,,Some College,Non-Hispanic,true,0,75
393508,15,Female,,Graduate,Hispanic,true,13,114
393509,16,Male,,Graduate,Non-Hispanic,true,19,258
393510,16,Female,,College,Hispanic,true,16,394
393511,12,Male,,Graduate,Non-Hispanic,true,6,81
393512,10,Female,,Graduate,Non-Hispanic,true,2,7
393513,14,Male,,Graduate,Hispanic,true,2,28
393514,13,Female,,Graduate,Non-Hispanic,true,8,24
393515,13,Female,,Graduate,Non-Hispanic,true,1,29
393516,8,Female,,Graduate,Non-Hispanic,true,0,2
393517,13,Female,,Graduate,Non-Hispanic,true,3,26
393518,13,Male,,College,Hispanic,true,3,94
393519,14,Male,,Some College,Hispanic,true,6,41
393520,14,Male,,College,Non-Hispanic,true,51,213
393521,10,Female,,College,Non-Hispanic,true,2,16
393522,12,Male,,Graduate,Non-Hispanic,true,7,76
393523,17,Female,,College,Non-Hispanic,true,26,212
393524,18,Male,,Graduate,Non-Hispanic,true,52,232
393525,13,Male,,Graduate,Non-Hispanic,true,9,80
393526,11,Male,,College,Non-Hispanic,true,13,48
393527,8,Female,,Graduate,Non-Hispanic,true,0,7
393528,14,Female,,Graduate,Non-Hispanic,true,0,114
393529,8,Female,,Some College,Hispanic,true,0,5
393530,9,Male,,Some College,Non-Hispanic,true,117,394
393531,8,Female,,College,Non-Hispanic,true,107,263
393532,16,Male,,College,Non-Hispanic,true,0,169
393533,8,Male,,College,Non-Hispanic,true,0,50
393534,12,Female,,College,Non-Hispanic,true,6,49
393535,12,Female,,Some College,Hispanic,true,0,11
393536,9,Male,,College,Non-Hispanic,true,0,4
393537,16,Female,,Graduate,Non-Hispanic,true,52,144
393538,13,Female,,Some College,Non-Hispanic,true,3,40
393539,14,Female,,Graduate,Non-Hispanic,true,12,160
393540,16,Male,,College,Non-Hispanic,true,15,165
393541,9,Male,,Graduate,Non-Hispanic,true,0,5
393542,12,Female,,Secondary,Hispanic,true,1,396
393543,16,Male,,Some College,Non-Hispanic,true,10,132
393544,9,Male,,College,Non-Hispanic,true,1,42
393545,8,Male,,Graduate,Non-Hispanic,true,0,3
393546,11,Female,,Graduate,Hispanic,true,8,91
393547,13,Male,,Some Graduate,Hispanic,true,17,108
393548,17,Female,,College,Non-Hispanic,true,17,64
393549,9,Female,,Graduate,Non-Hispanic,true,0,16
393550,12,Female,,College,Non-Hispanic,true,2,159
393551,13,Male,,Graduate,Non-Hispanic,true,0,12
393552,8,Female,,Graduate,Non-Hispanic,true,4,41
393553,12,Female,,College,Non-Hispanic,true,5,127
393554,14,Male,,Some Graduate,Non-Hispanic,true,8,51
393555,10,Male,,Graduate,Non-Hispanic,true,0,5
393556,15,Female,,Some College,Non-Hispanic,true,11,222
393557,13,Male,,Graduate,Non-Hispanic,true,6,62
393558,12,Male,,Secondary,Non-Hispanic,true,363,395
393559,8,Male,,College,Non-Hispanic,true,0,14
393560,8,Male,,Graduate,Non-Hispanic,true,0,12
393561,8,Female,,Graduate,Non-Hispanic,true,0,13
393562,13,Female,,Graduate,Non-Hispanic,true,3,20
393563,14,Male,,Primary,Non-Hispanic,true,0,0
393564,8,Male,,Some College,Non-Hispanic,true,36,396
393565,16,Male,,Graduate,Non-Hispanic,true,48,146
393566,9,Female,,Graduate,Non-Hispanic,true,0,76
393567,11,Male,,College,Non-Hispanic,true,3,136
393568,11,Male,,Graduate,Non-Hispanic,true,0,0
393569,13,Male,,Graduate,Non-Hispanic,true,7,20
393570,13,Female,,College,Non-Hispanic,true,4,15
393571,14,Female,,Graduate,Hispanic,true,38,109
393572,14,Male,,College,Non-Hispanic,true,8,280
393573,12,Female,,Secondary,Hispanic,true,5,19
393574,11,Female,,Graduate,Non-Hispanic,true,0,24
393575,9,Male,,College,Hispanic,true,1,396
393576,16,Female,,College,Non-Hispanic,true,353,395
393577,10,Female,,Graduate,Non-Hispanic,true,11,150
393578,18,Female,,Graduate,Non-Hispanic,true,35,192
393579,13,Male,,Graduate,Non-Hispanic,true,9,52
393580,13,Female,,Graduate,Non-Hispanic,true,3,57
393581,8,Male,,Graduate,Non-Hispanic,true,0,0
393582,13,Male,,College,Non-Hispanic,true,15,61
393583,8,Male,,Secondary,Hispanic,true,1,64
393584,16,Female,,Secondary,Non-Hispanic,true,53,66
393585,12,Female,,Graduate,Non-Hispanic,true,4,97
393586,13,Female,,College,Non-Hispanic,true,0,3
393587,16,Female,,Graduate,Non-Hispanic,true,0,65
393588,13,Female,,Some Graduate,Non-Hispanic,true,5,56
393589,17,Male,,Some College,Non-Hispanic,true,46,165
393590,17,Male,,Graduate,Non-Hispanic,true,88,258
393591,9,Male,,College,Non-Hispanic,true,2,2
393592,14,Male,,College,Non-Hispanic,true,6,28
393593,8,Female,,Graduate,Non-Hispanic,true,1,41
393594,16,Female,,College,Non-Hispanic,true,145,296
393595,10,Male,,Some Secondary,Non-Hispanic,true,7,63
393596,8,Male,,Graduate,Non-Hispanic,true,0,7
393597,9,Male,,College,Non-Hispanic,true,5,91
393598,18,Male,,Secondary,Hispanic,true,342,395
393599,13,Female,,College,Non-Hispanic,true,5,70
393600,10,Male,,Secondary,Non-Hispanic,true,32,303
393601,14,Female,,College,Non-Hispanic,true,6,55
393602,8,Female,,Graduate,Non-Hispanic,true,0,7
393603,11,Female,,College,Hispanic,true,8,41
393604,12,Male,,Some Secondary,Non-Hispanic,true,0,0
393605,8,Male,,Graduate,Non-Hispanic,true,0,43
393606,13,Male,,College,Non-Hispanic,true,84,187
393607,16,Male,,Secondary,Hispanic,true,133,221
393608,13,Female,,College,Non-Hispanic,true,0,91
393609,18,Male,,Graduate,Non-Hispanic,true,0,121
393610,14,Female,,Graduate,Non-Hispanic,true,6,159
393611,13,Female,,Graduate,Hispanic,true,2,39
393612,17,Male,,College,Non-Hispanic,true,52,218
393613,12,Male,,Secondary,Non-Hispanic,true,4,21
393614,13,Male,,College,Non-Hispanic,true,11,32
393615,13,Male,,College,Non-Hispanic,true,5,57
393616,14,Male,,Graduate,Non-Hispanic,true,65,159
393617,15,Female,,Some College,Hispanic,true,5,98
393618,9,Female,,College,Non-Hispanic,true,6,256
393619,12,Male,,Secondary,Non-Hispanic,true,18,240
393620,17,Female,,Graduate,Non-Hispanic,true,16,111
393621,10,Male,,Graduate,Non-Hispanic,true,3,97
393622,12,Male,,Graduate,Non-Hispanic,true,2,31
393623,18,Female,,College,Non-Hispanic,true,44,86
393624,14,Male,,Graduate,Non-Hispanic,true,10,75
393625,13,Male,,Graduate,Non-Hispanic,true,0,16
393626,13,Female,,College,Non-Hispanic,true,6,44
393627,10,Female,,Graduate,Non-Hispanic,true,2,12
393628,13,Male,,College,Non-Hispanic,true,6,84
393629,12,Male,,Graduate,Hispanic,true,4,24
393630,8,Male,,Graduate,Non-Hispanic,true,0,27
393631,17,Male,,Graduate,Non-Hispanic,true,10,44
393632,17,Female,,Graduate,Non-Hispanic,true,27,116
393633,11,Male,,Graduate,Non-Hispanic,true,7,133
393634,13,Male,,Graduate,Non-Hispanic,true,3,55
393635,13,Female,,Graduate,Non-Hispanic,true,0,198
393636,13,Female,,Graduate,Non-Hispanic,true,5,97
393637,13,Male,,Some College,Non-Hispanic,true,17,99
393638,12,Male,,Graduate,Non-Hispanic,true,154,396
393639,10,Female,,Some College,Non-Hispanic,true,14,84
393640,11,Female,,Graduate,Hispanic,true,6,78
393641,18,Female,,Graduate,Non-Hispanic,true,14,199
393642,12,Male,,College,Non-Hispanic,true,2,50
393643,14,Male,,Graduate,Non-Hispanic,true,2,152
393644,16,Female,,Graduate,Non-Hispanic,true,57,287
393645,13,Male,,Some College,Non-Hispanic,true,7,182
393646,12,Female,,Graduate,Non-Hispanic,true,1,12
393647,11,Male,,College,Non-Hispanic,true,270,395
393648,17,Female,,Graduate,Non-Hispanic,true,1,123
393649,12,Male,,College,Non-Hispanic,true,0,17
393650,9,Male,,College,Non-Hispanic,true,8,34
393651,14,Male,,Graduate,Non-Hispanic,true,4,153
393652,13,Female,,Some College,Non-Hispanic,true,35,300
393653,13,Male,,Some Graduate,Non-Hispanic,true,11,190
393654,14,Male,,College,Non-Hispanic,true,15,90
393655,8,Male,,Some College,Non-Hispanic,true,1,4
393656,14,Female,,Graduate,Non-Hispanic,true,2,79
393657,15,Male,,Some College,Hispanic,true,17,386
393658,10,Female,,Graduate,Non-Hispanic,true,4,150
393659,13,Female,,College,Non-Hispanic,true,32,93
393660,8,Female,,Graduate,Non-Hispanic,true,3,3
393661,12,Female,,Secondary,Non-Hispanic,true,3,115
393662,11,Male,,College,Non-Hispanic,true,18,101
393663,14,Female,,College,Non-Hispanic,true,13,44
393664,9,Female,,College,Non-Hispanic,true,5,38
393665,12,Female,,College,Non-Hispanic,true,10,53
393666,14,Male,,Some Graduate,Non-Hispanic,true,0,152
393667,14,Female,,College,Non-Hispanic,true,7,73
393668,12,Male,,College,Non-Hispanic,true,13,105
393669,15,Male,,Some College,Hispanic,true,12,100
393670,17,Female,,College,Non-Hispanic,true,84,277
393671,11,Female,,Some College,Non-Hispanic,true,6,21
393672,8,Male,,Some College,Non-Hispanic,true,0,8
393673,18,Male,,Graduate,Non-Hispanic,true,30,187
393674,12,Male,,Graduate,Non-Hispanic,true,6,54
393675,13,Male,,College,Non-Hispanic,true,12,40
393676,13,Female,,Graduate,Non-Hispanic,true,0,68
393677,8,Female,,Graduate,Non-Hispanic,true,2,8
393678,10,Female,,Graduate,Non-Hispanic,true,1,6
393679,14,Male,,Some College,Non-Hispanic,true,0,14
393680,11,Male,,College,Non-Hispanic,true,0,32
393681,13,Female,,College,Non-Hispanic,true,154,154
393682,8,Male,,Some College,Non-Hispanic,true,0,42
393683,16,Male,,Graduate,Non-Hispanic,true,5,118
393684,12,Male,,College,Non-Hispanic,true,1,37
393685,13,Female,,College,Non-Hispanic,true,1,42
393686,13,Male,,College,Non-Hispanic,true,7,86
393687,10,Male,,College,Non-Hispanic,true,1,4
393688,12,Male,,Secondary,Non-Hispanic,true,0,91
393689,13,Female,,Some College,Non-Hispanic,true,11,39
393690,18,Female,,College,Non-Hispanic,true,58,315
393691,13,Male,,Graduate,Non-Hispanic,true,1,33
393692,9,Female,,College,Non-Hispanic,true,1,21
393693,18,Female,,Graduate,Non-Hispanic,true,163,292
393694,13,Male,,College,Non-Hispanic,true,17,127
393695,13,Male,,Graduate,Non-Hispanic,true,3,67
393696,9,Female,,Secondary,Hispanic,true,0,46
393697,11,Male,,College,Non-Hispanic,true,9,59
393698,12,Female,,Graduate,Non-Hispanic,true,95,395
393699,10,Female,,Graduate,Non-Hispanic,true,4,32
393700,14,Male,,Graduate,Non-Hispanic,true,2,17
393701,15,Male,,Graduate,Non-Hispanic,true,105,244
393702,9,Male,,College,Non-Hispanic,true,1,11
393703,18,Male,,College,Non-Hispanic,true,42,331
393704,14,Female,,Graduate,Non-Hispanic,true,4,42
393705,15,Female,,Graduate,Non-Hispanic,true,13,165
393706,13,Male,,Graduate,Non-Hispanic,true,11,89
393707,14,Male,,College,Non-Hispanic,true,4,26
393708,13,Female,,Graduate,Non-Hispanic,true,0,18
393709,8,Female,,Graduate,Non-Hispanic,true,0,24
393710,14,Female,,College,Non-Hispanic,true,9,75
393711,12,Male,,Graduate,Non-Hispanic,true,4,34
393712,9,Female,,College,Non-Hispanic,true,62,393
393713,16,Male,,College,Non-Hispanic,true,104,251
393714,11,Male,,Some Secondary,Non-Hispanic,true,2,33
393715,14,Male,,Graduate,Non-Hispanic,true,0,22
393716,8,Female,,Graduate,Non-Hispanic,true,0,0
393717,8,Male,,Some Graduate,Non-Hispanic,true,7,66
393718,12,Female,,Some College,Non-Hispanic,true,14,93
393719,15,Male,,Secondary,Non-Hispanic,true,16,162
393720,9,Female,,College,Non-Hispanic,true,0,12
393721,9,Male,,College,Non-Hispanic,true,0,6
393722,13,Male,,Graduate,Non-Hispanic,true,6,61
393723,9,Male,,Graduate,Non-Hispanic,true,2,9
393724,11,Female,,Secondary,Non-Hispanic,true,7,214
393725,18,Male,,Graduate,Non-Hispanic,true,17,86
393726,14,Male,,Some Graduate,Non-Hispanic,true,5,259
393727,13,Male,,Graduate,Non-Hispanic,true,1,7
393728,13,Female,,Some College,Non-Hispanic,true,9,121
393729,8,Male,,College,Non-Hispanic,true,54,64
393730,16,Male,,Graduate,Non-Hispanic,true,0,38
393731,15,Male,,College,Non-Hispanic,true,333,395
393732,10,Male,,Graduate,Non-Hispanic,true,212,396
393733,13,Male,,Graduate,Non-Hispanic,true,0,129
393734,12,Male,,Graduate,Non-Hispanic,true,0,100
393735,11,Male,,Graduate,Non-Hispanic,true,6,23
393736,11,Male,,Graduate,Non-Hispanic,true,0,16
393737,13,Female,,Graduate,Non-Hispanic,true,0,6
393738,13,Male,,Graduate,Non-Hispanic,true,4,35
393739,8,Male,,Graduate,Non-Hispanic,true,0,14
393740,11,Female,,Some College,Non-Hispanic,true,9,45
393741,13,Female,,Graduate,Non-Hispanic,true,22,70
393742,12,Female,,Graduate,Non-Hispanic,true,2,60
393743,13,Female,,College,Non-Hispanic,true,41,219
393744,15,Male,,Secondary,Non-Hispanic,true,277,396
393745,15,Male,,Graduate,Non-Hispanic,true,137,283
393746,8,Male,,Graduate,Non-Hispanic,true,0,8
393747,9,Male,,Graduate,Non-Hispanic,true,0,9
393748,17,Female,,College,Non-Hispanic,true,45,163
393749,11,Female,,Graduate,Hispanic,true,5,25
393750,13,Female,,College,Non-Hispanic,true,16,70
393751,15,Male,,Graduate,Non-Hispanic,true,32,187
393752,13,Female,,Some College,Non-Hispanic,true,213,394
393753,11,Female,,Graduate,Non-Hispanic,true,8,59
393754,17,Female,,Some College,Non-Hispanic,true,88,221
393755,9,Male,,College,Non-Hispanic,true,9,173
393756,14,Female,,Graduate,Non-Hispanic,true,42,96
393757,17,Male,,College,Non-Hispanic,true,10,82
393758,11,Female,,College,Non-Hispanic,true,9,25
393759,10,Male,,College,Non-Hispanic,true,2,133
393760,18,Female,,College,Non-Hispanic,true,64,135
393761,12,Male,,Graduate,Non-Hispanic,true,12,346
393762,13,Female,,Graduate,Non-Hispanic,true,3,140
393763,13,Female,,Secondary,Non-Hispanic,true,4,136
393764,14,Male,,College,Non-Hispanic,true,157,297
393765,12,Female,,College,Non-Hispanic,true,45,172
393766,11,Female,,Graduate,Non-Hispanic,true,0,88
393767,8,Female,,Secondary,Non-Hispanic,true,1,33
393768,16,Male,,Some Graduate,Non-Hispanic,true,15,64
393769,12,Female,,Graduate,Non-Hispanic,true,7,42
393770,16,Female,,Graduate,Non-Hispanic,true,73,206
393771,14,Female,,College,Non-Hispanic,true,8,206
393772,13,Female,,College,Non-Hispanic,true,12,69
393773,9,Female,,Secondary,Non-Hispanic,true,299,396
393774,14,Male,,Graduate,Non-Hispanic,true,18,86
393775,11,Male,,Secondary,Non-Hispanic,true,235,396
393776,10,Male,,College,Non-Hispanic,true,3,6
393777,14,Male,,Some College,Non-Hispanic,true,7,125
393778,8,Male,,Graduate,Non-Hispanic,true,0,39
393779,8,Female,,College,Non-Hispanic,true,0,12
393780,13,Female,,Graduate,Non-Hispanic,true,12,161
393781,11,Female,,Graduate,Non-Hispanic,true,7,33
393782,13,Female,,Graduate,Non-Hispanic,true,22,107
393783,14,Female,,Some College,Non-Hispanic,true,3,56
393784,8,Male,,College,Non-Hispanic,true,0,13
393785,12,Male,,Secondary,Hispanic,true,343,396
393786,17,Male,,Graduate,Non-Hispanic,true,7,33
393787,14,Male,,Some College,Non-Hispanic,true,38,92
393788,11,Male,,Secondary,Non-Hispanic,true,309,395
393789,16,Female,,College,Non-Hispanic,true,25,289
393790,8,Female,,College,Non-Hispanic,true,0,19
393791,14,Male,,College,Non-Hispanic,true,10,84
393792,13,Male,,College,Non-Hispanic,true,3,107
393793,14,Female,,College,Hispanic,true,4,38
393794,8,Male,,Graduate,Non-Hispanic,true,0,11
393795,14,Male,,Graduate,Non-Hispanic,true,85,134
393796,8,Female,,Some Graduate,Non-Hispanic,true,0,4
393797,10,Male,,Graduate,Non-Hispanic,true,2,90
393798,17,Male,,College,Non-Hispanic,true,104,209
393799,18,Female,,Graduate,Non-Hispanic,true,46,256
393800,14,Male,,Secondary,Non-Hispanic,true,396,396
393801,14,Female,,Graduate,Non-Hispanic,true,4,240
393802,8,Male,,Graduate,Non-Hispanic,true,0,1
393803,9,Male,,Graduate,Non-Hispanic,true,3,21
393804,8,Female,,Graduate,Non-Hispanic,true,1,74
393805,11,Male,,College,Non-Hispanic,true,9,96
393806,10,Male,,Graduate,Non-Hispanic,true,2,12
393807,14,Female,,Graduate,Non-Hispanic,true,16,54
393808,9,Female,,Graduate,Hispanic,true,0,4
393809,11,Female,,Some College,Non-Hispanic,true,4,47
393810,17,Female,,Secondary,Non-Hispanic,true,218,224
393811,14,Male,,College,Non-Hispanic,true,0,293
393812,10,Female,,College,Non-Hispanic,true,22,156
393813,14,Male,,Graduate,Non-Hispanic,true,20,98
393814,10,Female,,Graduate,Non-Hispanic,true,2,35
393815,17,Male,,Some College,Non-Hispanic,true,33,139
393816,12,Male,,Some College,Non-Hispanic,true,76,170
393817,17,Female,,Secondary,Non-Hispanic,true,36,238
393818,9,Male,,Graduate,Non-Hispanic,true,0,6
393819,13,Female,,Graduate,Non-Hispanic,true,14,65
393820,8,Female,,Graduate,Non-Hispanic,true,0,30
393821,9,Male,,Some College,Non-Hispanic,true,32,110
393822,8,Female,,Some College,Non-Hispanic,true,62,130
393823,13,Male,,College,Non-Hispanic,true,7,36
393824,18,Male,,College,Non-Hispanic,true,22,121
393825,17,Female,,College,Non-Hispanic,true,3,140
393826,9,Male,,College,Non-Hispanic,true,0,23
393827,18,Male,,Graduate,Non-Hispanic,true,26,176
393828,12,Male,,Graduate,Hispanic,true,2,21
393829,14,Female,,Graduate,Hispanic,true,9,38
393830,14,Male,,Some College,Non-Hispanic,true,4,136
393831,16,Male,,College,Non-Hispanic,true,115,395
393832,12,Female,,College,Non-Hispanic,true,38,287
393833,8,Male,,College,Non-Hispanic,true,2,7
393834,12,Female,,College,Non-Hispanic,true,9,96
393835,13,Male,,Some College,Non-Hispanic,true,50,239
393836,8,Female,,College,Non-Hispanic,true,0,13
393837,12,Male,,College,Non-Hispanic,true,8,59
393838,18,Male,,College,Non-Hispanic,true,26,164
393839,16,Female,,Some College,Non-Hispanic,true,19,230
393840,13,Male,,Graduate,Non-Hispanic,true,0,50
393841,13,Female,,Secondary,Non-Hispanic,true,8,55
393842,12,Male,,College,Hispanic,true,323,394
393843,13,Female,,College,Non-Hispanic,true,20,202
393844,12,Male,,Graduate,Non-Hispanic,true,1,11
393845,9,Male,,Graduate,Non-Hispanic,true,4,12
393846,13,Female,,Graduate,Non-Hispanic,true,7,131
393847,13,Female,,College,Non-Hispanic,true,3,70
393848,16,Male,,College,Non-Hispanic,true,38,124
393849,13,Male,,College,Non-Hispanic,true,1,18
393850,10,Male,,College,Non-Hispanic,true,158,291
393851,14,Male,,Some College,Non-Hispanic,true,10,37
393852,13,Female,,Some College,Non-Hispanic,true,13,127
393853,11,Female,,Graduate,Non-Hispanic,true,4,240
393854,12,Male,,Graduate,Non-Hispanic,true,0,8
393855,18,Male,,College,Non-Hispanic,true,0,37
393856,16,Male,,College,Non-Hispanic,true,38,190
393857,13,Male,,Graduate,Non-Hispanic,true,11,69
393858,13,Female,,College,Non-Hispanic,true,3,201
393859,8,Female,,College,Hispanic,true,1,13
393860,13,Male,,Graduate,Non-Hispanic,true,198,381
393861,10,Female,,Secondary,Non-Hispanic,true,33,253
393862,17,Female,,Secondary,Non-Hispanic,true,52,396
393863,12,Male,,Graduate,Non-Hispanic,true,3,42
393864,13,Female,,Some College,Non-Hispanic,true,8,84
393865,13,Female,,Graduate,Non-Hispanic,true,1,91
393866,13,Female,,Some College,Non-Hispanic,true,7,375
393867,8,Male,,College,Non-Hispanic,true,0,0
393868,17,Male,,Graduate,Non-Hispanic,true,5,49
393869,8,Female,,Graduate,Non-Hispanic,true,0,4
393870,14,Female,,College,Non-Hispanic,true,0,0
393871,9,Female,,Graduate,Non-Hispanic,true,3,32
393872,14,Male,,College,Non-Hispanic,true,8,107
393873,9,Female,,Graduate,Non-Hispanic,true,1,47
393874,8,Male,,Graduate,Non-Hispanic,true,0,0
393875,13,Male,,College,Non-Hispanic,true,13,158
393876,13,Female,,Some College,Non-Hispanic,true,24,86
393877,12,Male,,College,Non-Hispanic,true,127,291
393878,11,Male,,College,Non-Hispanic,true,169,392
393879,11,Male,,College,Non-Hispanic,true,3,13
393880,13,Male,,Some College,Hispanic,true,10,188
393881,10,Female,,Some College,Non-Hispanic,true,2,4
393882,8,Male,,Secondary,Non-Hispanic,true,5,384
393883,16,Male,,Graduate,Non-Hispanic,true,17,93
393884,11,Female,,College,Non-Hispanic,true,10,322
393885,12,Male,,Graduate,Non-Hispanic,true,0,52
393886,14,Male,,College,Non-Hispanic,true,0,219
393887,8,Female,,Graduate,Non-Hispanic,true,0,4
393888,9,Male,,College,Non-Hispanic,true,0,3
393889,13,Female,,Graduate,Non-Hispanic,true,17,70
393890,8,Female,,Some Graduate,Non-Hispanic,true,2,28
393891,13,Male,,Graduate,Non-Hispanic,true,1,14
393892,13,Female,,College,Non-Hispanic,true,7,26
393893,14,Female,,Some College,Hispanic,true,1,22
393894,13,Male,,College,Hispanic,true,165,253
393895,10,Female,,College,Non-Hispanic,true,2,55
393896,12,Female,,Graduate,Non-Hispanic,true,0,22
393897,18,Male,,Graduate,Non-Hispanic,true,32,253
393898,8,Male,,Secondary,Non-Hispanic,true,10,103
393899,13,Female,,Some College,Non-Hispanic,true,4,22
393900,9,Male,,College,Non-Hispanic,true,55,283
393901,9,Male,,College,Non-Hispanic,true,2,7
393902,16,Female,,Secondary,Non-Hispanic,true,171,391
393903,11,Female,,Some College,Non-Hispanic,true,0,41
393904,18,Male,,Graduate,Non-Hispanic,true,11,268
393905,16,Female,,Graduate,Non-Hispanic,true,18,98
393906,13,Female,,College,Non-Hispanic,true,40,97
393907,16,Female,,College,Non-Hispanic,true,8,60
393908,8,Male,,Graduate,Non-Hispanic,true,2,22
393909,9,Male,,Secondary,Non-Hispanic,true,4,114
393910,12,Female,,College,Non-Hispanic,true,8,31
393911,12,Female,,College,Non-Hispanic,true,192,392
393912,9,Female,,Some College,Non-Hispanic,true,1,43
393913,11,Female,,Some College,Non-Hispanic,true,5,30
393914,11,Female,,College,Non-Hispanic,true,2,79
393915,14,Male,,College,Non-Hispanic,true,1,103
393916,11,Male,,Graduate,Non-Hispanic,true,1,110
393917,12,Female,,Some College,Non-Hispanic,true,0,11
393918,9,Female,,College,Non-Hispanic,true,3,26
393919,14,Female,,College,Non-Hispanic,true,11,150
393920,8,Female,,Graduate,Non-Hispanic,true,0,4
393921,13,Male,,College,Non-Hispanic,true,7,19
393922,9,Male,,College,Non-Hispanic,true,0,74
393923,9,Male,,Graduate,Non-Hispanic,true,0,3
393924,15,Female,,College,Non-Hispanic,true,1,190
393925,11,Female,,Graduate,Non-Hispanic,true,15,73
393926,15,Male,,College,Non-Hispanic,true,2,52
393927,14,Male,,College,Non-Hispanic,true,8,51
393928,15,Male,,College,Non-Hispanic,true,123,395
393929,10,Male,,Graduate,Non-Hispanic,true,0,4
393930,12,Female,,Graduate,Non-Hispanic,true,4,71
393931,15,Male,,Graduate,Non-Hispanic,true,1,19
393932,17,Male,,Graduate,Non-Hispanic,true,10,81
393933,11,Female,,Graduate,Non-Hispanic,true,0,12
393934,8,Female,,College,Non-Hispanic,true,9,37
393935,8,Male,,Secondary,Non-Hispanic,true,0,98
393936,10,Male,,Some Graduate,Non-Hispanic,true,2,66
393937,10,Male,,Graduate,Non-Hispanic,true,1,22
393938,13,Female,,Some College,Non-Hispanic,true,34,243
393939,13,Male,,College,Non-Hispanic,true,18,95
393940,11,Male,,Secondary,Non-Hispanic,true,2,26
393941,13,Female,,Graduate,Non-Hispanic,true,0,29
393942,16,Female,,Some College,Non-Hispanic,true,12,71
393943,9,Female,,Secondary,Non-Hispanic,true,2,21
393944,8,Male,,Graduate,Non-Hispanic,true,5,19
393945,11,Female,,Graduate,Non-Hispanic,true,1,12
393946,13,Female,,Graduate,Non-Hispanic,true,14,84
393947,14,Male,,College,Non-Hispanic,true,12,94
393948,12,Female,,College,Non-Hispanic,true,7,17
393949,8,Female,,Secondary,Hispanic,true,32,391
393950,17,Male,,College,Non-Hispanic,true,130,265
393951,10,Male,,College,Non-Hispanic,true,133,396
393952,13,Female,,College,Non-Hispanic,true,5,39
393953,17,Male,,College,Non-Hispanic,true,18,145
393954,9,Female,,Graduate,Non-Hispanic,true,10,51
393955,11,Female,,Some Graduate,Non-Hispanic,true,0,108
393956,12,Male,,Some Graduate,Non-Hispanic,true,0,22
393957,13,Female,,College,Non-Hispanic,true,1,95
393958,14,Female,,College,Non-Hispanic,true,202,396
393959,14,Male,,Secondary,Non-Hispanic,true,2,31
393960,13,Female,,Graduate,Non-Hispanic,true,4,92
393961,8,Male,,Graduate,Non-Hispanic,true,2,11
393962,15,Male,,College,Hispanic,true,2,112
393963,12,Male,,Graduate,Non-Hispanic,true,4,85
393964,16,Female,,Some College,Non-Hispanic,true,3,32
393965,8,Female,,College,Non-Hispanic,true,0,26
393966,12,Male,,Graduate,Non-Hispanic,true,3,51
393967,13,Female,,Graduate,Non-Hispanic,true,9,96
393968,18,Male,,Secondary,Non-Hispanic,true,343,391
393969,11,Male,,Secondary,Non-Hispanic,true,0,1
393970,16,Male,,Graduate,Non-Hispanic,true,47,89
393971,12,Male,,College,Non-Hispanic,true,2,32
393972,13,Male,,Graduate,Non-Hispanic,true,3,106
393973,10,Female,,Secondary,Hispanic,true,32,75
393974,16,Male,,College,Non-Hispanic,true,0,132
393975,8,Female,,Graduate,Non-Hispanic,true,1,7
393976,8,Female,,Graduate,Non-Hispanic,true,0,20
393977,12,Male,,College,Non-Hispanic,true,4,51
393978,11,Male,,Graduate,Non-Hispanic,true,0,23
393979,17,Female,,College,Hispanic,true,21,95
393980,8,Male,,Some College,Non-Hispanic,true,0,26
393981,8,Male,,Some College,Non-Hispanic,true,7,24
393982,8,Male,,Secondary,Non-Hispanic,true,9,89
393983,12,Female,,Graduate,Non-Hispanic,true,3,58
393984,13,Female,,College,Non-Hispanic,true,5,155
393985,11,Male,,Graduate,Non-Hispanic,true,11,38
393986,15,Female,,College,Non-Hispanic,true,16,396
393987,12,Female,,Graduate,Non-Hispanic,true,8,82
393988,13,Male,,College,Non-Hispanic,true,211,396
393989,11,Male,,Some College,Non-Hispanic,true,0,31
393990,9,Male,,Graduate,Non-Hispanic,true,0,0
393991,8,Male,,College,Non-Hispanic,true,18,89
393992,8,Male,,Graduate,Hispanic,true,1,8
393993,13,Female,,College,Non-Hispanic,true,61,160
393994,11,Female,,Graduate,Non-Hispanic,true,0,102
393995,13,Female,,Graduate,Non-Hispanic,true,1,13
393996,15,Male,,Some College,Non-Hispanic,true,388,396
393997,9,Male,,Secondary,Non-Hispanic,true,0,154
393998,12,Male,,Graduate,Non-Hispanic,true,11,135
393999,14,Male,,Graduate,Non-Hispanic,true,0,64
394000,13,Male,,College,Non-Hispanic,true,186,396
394001,11,Male,,Secondary,Non-Hispanic,true,22,60
394002,8,Female,,Some College,Non-Hispanic,true,2,21
394003,9,Male,,Graduate,Non-Hispanic,true,1,32
394004,11,Female,,Graduate,Non-Hispanic,true,5,59
394005,13,Male,,Graduate,Non-Hispanic,true,35,168
394006,18,Male,,College,Non-Hispanic,true,81,356
394007,13,Male,,College,Non-Hispanic,true,2,184
394008,11,Male,,Graduate,Non-Hispanic,true,8,142
394009,14,Male,,Some College,Non-Hispanic,true,1,82
394010,17,Male,,Some College,Non-Hispanic,true,9,396
394011,8,Male,,Graduate,Non-Hispanic,true,0,0
394012,12,Female,,Graduate,Non-Hispanic,true,2,49
394013,12,Female,,College,Hispanic,true,29,395
394014,17,Male,,College,Non-Hispanic,true,3,115
394015,8,Female,,Graduate,Non-Hispanic,true,0,24
394016,11,Male,,Graduate,Non-Hispanic,true,2,77
394017,13,Male,,Graduate,Non-Hispanic,true,17,113
394018,14,Female,,Graduate,Non-Hispanic,true,0,15
394019,17,Female,,Some College,Non-Hispanic,true,122,396
394020,12,Male,,College,Non-Hispanic,true,6,44
394021,17,Male,,College,Non-Hispanic,true,149,313
394022,17,Female,,College,Non-Hispanic,true,39,67
394023,15,Female,,Some College,Non-Hispanic,true,1,64
394024,8,Male,,Graduate,Non-Hispanic,true,0,15
394025,12,Male,,Some Graduate,Non-Hispanic,true,1,66
394026,11,Female,,College,Hispanic,true,5,23
394027,17,Female,,College,Non-Hispanic,true,107,394
394028,12,Male,,College,Non-Hispanic,true,23,177
394029,11,Male,,College,Non-Hispanic,true,5,16
394030,13,Male,,Graduate,Non-Hispanic,true,2,80
394031,14,Female,,Some College,Hispanic,true,0,12
394032,11,Male,,College,Non-Hispanic,true,2,240
394033,12,Female,,Some College,Non-Hispanic,true,6,61
394034,15,Female,,College,Non-Hispanic,true,152,234
394035,9,Male,,Graduate,Non-Hispanic,true,0,57
394036,13,Male,,College,Non-Hispanic,true,15,62
394037,14,Male,,Some College,Hispanic,true,65,211
394038,8,Female,,Graduate,Non-Hispanic,true,2,7
394039,12,Male,,Some Graduate,Non-Hispanic,true,17,74
394040,12,Female,,Graduate,Non-Hispanic,true,2,71
394041,13,Male,,College,Non-Hispanic,true,0,17
394042,9,Male,,Some College,Non-Hispanic,true,14,51
394043,8,Female,,Some College,Non-Hispanic,true,0,18
394044,10,Male,,Graduate,Non-Hispanic,true,0,21
394045,11,Male,,College,Non-Hispanic,true,0,2
394046,14,Female,,College,Non-Hispanic,true,35,191
394047,8,Female,,Graduate,Non-Hispanic,true,0,0
394048,15,Male,,College,Non-Hispanic,true,3,97
394049,11,Male,,Graduate,Non-Hispanic,true,3,46
394050,13,Male,,Graduate,Non-Hispanic,true,1,19
394051,8,Female,,Some College,Non-Hispanic,true,3,7
394052,13,Female,,Some College,Hispanic,true,153,391
394053,9,Male,,Graduate,Non-Hispanic,true,0,18
394054,12,Female,,Graduate,Non-Hispanic,true,2,77
394055,11,Female,,College,Non-Hispanic,true,14,61
394056,14,Male,,Some Graduate,Non-Hispanic,true,2,25
394057,12,Female,,Graduate,Non-Hispanic,true,14,42
394058,10,Female,,Graduate,Non-Hispanic,true,8,39
394059,18,Female,,Some College,Non-Hispanic,true,11,197
394060,8,Male,,College,Hispanic,true,0,1
394061,12,Male,,Graduate,Non-Hispanic,true,18,126
394062,15,Male,,Graduate,Non-Hispanic,true,14,78
394063,11,Female,,College,Non-Hispanic,true,1,72
394064,17,Female,,Graduate,Non-Hispanic,true,180,309
394065,13,Male,,Graduate,Non-Hispanic,true,4,204
394066,13,Male,,College,Non-Hispanic,true,25,137
394067,12,Female,,College,Non-Hispanic,true,66,269
394068,12,Female,,Graduate,Non-Hispanic,true,12,143
394069,13,Female,,Graduate,Non-Hispanic,true,4,99
394070,10,Female,,College,Non-Hispanic,true,78,396
394071,16,Male,,College,Non-Hispanic,true,5,54
394072,8,Male,,Secondary,Non-Hispanic,true,0,14
394073,11,Female,,Graduate,Non-Hispanic,true,9,54
394074,17,Female,,Graduate,Non-Hispanic,true,28,323
394075,8,Male,,Graduate,Non-Hispanic,true,0,0
394076,8,Male,,Some Graduate,Non-Hispanic,true,0,12
394077,8,Female,,Some College,Non-Hispanic,true,3,25
394078,12,Female,,Secondary,Non-Hispanic,true,0,57
394079,17,Female,,Graduate,Non-Hispanic,true,170,271
394080,11,Female,,Graduate,Non-Hispanic,true,0,98
394081,14,Female,,Graduate,Non-Hispanic,true,43,231
394082,11,Male,,College,Non-Hispanic,true,0,8
394083,14,Female,,College,Non-Hispanic,true,2,25
394084,8,Male,,College,Hispanic,true,3,16
394085,13,Female,,College,Non-Hispanic,true,0,22
394086,8,Male,,College,Non-Hispanic,true,0,12
394087,18,Male,,Graduate,Non-Hispanic,true,212,270
394088,11,Female,,College,Non-Hispanic,true,5,213
394089,14,Female,,Graduate,Non-Hispanic,true,6,93
394090,11,Female,,College,Non-Hispanic,true,11,137
394091,10,Female,,Some College,Non-Hispanic,true,0,90
394092,8,Female,,College,Non-Hispanic,true,0,11
394093,16,Female,,Some College,Non-Hispanic,true,152,327
394094,8,Female,,College,Non-Hispanic,true,0,0
394095,10,Female,,Secondary,Non-Hispanic,true,25,135
394096,11,Male,,Some College,Non-Hispanic,true,4,25
394097,15,Female,,College,Non-Hispanic,true,105,199
394098,17,Female,,Secondary,Non-Hispanic,true,29,213
394099,15,Female,,Some College,Non-Hispanic,true,1,80
394100,8,Male,,Some College,Non-Hispanic,true,24,65
394101,8,Male,,College,Non-Hispanic,true,0,17
394102,8,Female,,Graduate,Non-Hispanic,true,2,24
394103,13,Female,,Graduate,Non-Hispanic,true,1,25
394104,11,Male,,College,Non-Hispanic,true,0,60
394105,11,Male,,College,Non-Hispanic,true,0,102
394106,9,Female,,Secondary,Non-Hispanic,true,0,3
394107,9,Male,,Graduate,Non-Hispanic,true,0,9
394108,12,Female,,Graduate,Non-Hispanic,true,11,44
394109,10,Male,,Graduate,Non-Hispanic,true,0,91
394110,17,Male,,College,Non-Hispanic,true,0,10
394111,13,Female,,Some College,Non-Hispanic,true,0,102
394112,8,Female,,Secondary,Non-Hispanic,true,4,5
394113,8,Male,,Graduate,Non-Hispanic,true,1,35
394114,17,Male,,Some College,Non-Hispanic,true,10,78
394115,9,Male,,Graduate,Non-Hispanic,true,0,14
394116,16,Male,,College,Non-Hispanic,true,164,349
394117,8,Female,,College,Non-Hispanic,true,0,11
394118,10,Male,,Secondary,Non-Hispanic,true,10,94
394119,16,Female,,College,Non-Hispanic,true,35,228
394120,8,Female,,College,Non-Hispanic,true,0,50
394121,18,Female,,Graduate,Non-Hispanic,true,8,134
394122,8,Male,,Graduate,Non-Hispanic,true,0,21
394123,18,Male,,Graduate,Non-Hispanic,true,43,208
394124,14,Female,,College,Non-Hispanic,true,3,58
394125,8,Female,,College,Non-Hispanic,true,1,20
394126,13,Male,,Graduate,Non-Hispanic,true,7,24
394127,8,Female,,Graduate,Non-Hispanic,true,0,19
394128,8,Female,,College,Non-Hispanic,true,0,23
394129,10,Female,,College,Non-Hispanic,true,196,395
394130,8,Male,,College,Non-Hispanic,true,0,0
394131,17,Female,,Some College,Non-Hispanic,true,6,11
394132,8,Male,,Graduate,Non-Hispanic,true,0,8
394133,18,Female,,Graduate,Non-Hispanic,true,142,268
394134,14,Male,,College,Non-Hispanic,true,7,42
394135,15,Male,,College,Non-Hispanic,true,98,339
394136,15,Male,,College,Non-Hispanic,true,14,99
394137,18,Female,,College,Hispanic,true,160,395
394138,16,Male,,College,Non-Hispanic,true,2,103
394139,8,Male,,Some Secondary,Non-Hispanic,true,0,20
394140,16,Male,,College,Non-Hispanic,true,68,122
394141,10,Male,,Graduate,Non-Hispanic,true,2,80
394142,16,Female,,Secondary,Non-Hispanic,true,34,70
394143,9,Female,,Graduate,Hispanic,true,9,76
394144,10,Female,,Some College,Non-Hispanic,true,8,58
394145,9,Male,,College,Non-Hispanic,true,0,22
394146,14,Female,,College,Hispanic,true,7,58
394147,12,Female,,Some College,Non-Hispanic,true,6,17
394148,11,Female,,Some College,Non-Hispanic,true,55,189
394149,17,Male,,Some College,Non-Hispanic,true,35,276
394150,8,Male,,Graduate,Non-Hispanic,true,0,25
394151,8,Female,,Some Secondary,Non-Hispanic,true,1,2
394152,18,Female,,Some College,Non-Hispanic,true,69,69
394153,10,Male,,Secondary,Non-Hispanic,true,2,8
394154,16,Male,,Some College,Non-Hispanic,true,6,26
394155,8,Male,,College,Non-Hispanic,true,1,4
394156,16,Male,,Some College,Non-Hispanic,true,2,28
394157,14,Female,,Graduate,Non-Hispanic,true,16,115
394158,15,Male,,College,Non-Hispanic,true,6,55
394159,8,Female,,Secondary,Non-Hispanic,true,0,87
394160,13,Female,,Graduate,Non-Hispanic,true,186,339
394161,12,Female,,Some College,Non-Hispanic,true,0,15
394162,10,Female,,College,Non-Hispanic,true,79,394
394163,17,Male,,College,Non-Hispanic,true,37,386
394164,12,Male,,College,Non-Hispanic,true,5,12
394165,16,Male,,College,Non-Hispanic,true,67,238
394166,8,Male,,Some Graduate,Non-Hispanic,true,0,2
394167,8,Female,,Graduate,Non-Hispanic,true,1,56
394168,8,Male,,Some Secondary,Non-Hispanic,true,13,396
394169,8,Female,,College,Non-Hispanic,true,0,63
394170,10,Female,,Graduate,Non-Hispanic,true,0,11
394171,14,Male,,Graduate,Non-Hispanic,true,87,236
394172,8,Female,,College,Non-Hispanic,true,1,6
394173,13,Female,,College,Non-Hispanic,true,5,21
394174,8,Female,,College,Non-Hispanic,true,0,14
394175,9,Female,,College,Non-Hispanic,true,0,6
394176,10,Male,,College,Non-Hispanic,true,11,250
394177,16,Male,,Some College,Non-Hispanic,true,15,59
394178,8,Female,,Graduate,Non-Hispanic,true,0,23
394179,16,Male,,Graduate,Non-Hispanic,true,54,158
394180,14,Female,,College,Non-Hispanic,true,10,61
394181,10,Male,,Some College,Non-Hispanic,true,32,110
394182,16,Female,,College,Non-Hispanic,true,31,288
394183,9,Female,,Some College,Non-Hispanic,true,3,32
394184,13,Male,,College,Non-Hispanic,true,0,93
394185,9,Female,,Some College,Non-Hispanic,true,0,3
394186,13,Female,,College,Non-Hispanic,true,83,120
394187,9,Male,,Graduate,Non-Hispanic,true,0,23
394188,11,Female,,Some College,Non-Hispanic,true,0,124
394189,12,Male,,Some College,Non-Hispanic,true,4,111
394190,15,Male,,Some College,Non-Hispanic,true,25,80
394191,8,Male,,College,Non-Hispanic,true,0,40
394192,12,Female,,College,Non-Hispanic,true,18,82
394193,15,Male,,Secondary,Non-Hispanic,true,394,394
394194,10,Female,,College,Non-Hispanic,true,1,58
394195,9,Male,,College,Non-Hispanic,true,1,9
394196,12,Female,,College,Non-Hispanic,true,3,89
394197,9,Male,,College,Non-Hispanic,true,9,36
394198,12,Male,,College,Hispanic,true,4,93
394199,11,Male,,College,Non-Hispanic,true,9,107
394200,14,Male,,Graduate,Non-Hispanic,true,30,136
394201,16,Male,,Graduate,Non-Hispanic,true,5,64
394202,10,Male,,Secondary,Non-Hispanic,true,3,55
394203,12,Female,,Graduate,Non-Hispanic,true,3,38
394204,15,Female,,Graduate,Hispanic,true,43,131
394205,15,Female,,Some College,Hispanic,true,0,43
394206,17,Female,,Graduate,Non-Hispanic,true,27,122
394207,8,Female,,Some College,Non-Hispanic,true,0,0
394208,14,Male,,Secondary,Non-Hispanic,true,99,395
394209,8,Male,,Graduate,Non-Hispanic,true,1,2
394210,8,Male,,Graduate,Non-Hispanic,true,0,7
394211,13,Male,,Graduate,Non-Hispanic,true,10,30
394212,8,Female,,Graduate,Non-Hispanic,true,1,7
394213,9,Male,,Some College,Non-Hispanic,true,0,0
394214,13,Female,,College,Non-Hispanic,true,59,370
394215,14,Male,,College,Hispanic,true,135,236
394216,9,Male,,Some Secondary,Non-Hispanic,true,0,1
394217,12,Male,,Graduate,Non-Hispanic,true,9,22
394218,12,Male,,College,Non-Hispanic,true,197,322
394219,8,Male,,Secondary,Non-Hispanic,true,0,4
394220,10,Female,,Some College,Non-Hispanic,true,0,6
394221,18,Male,,Graduate,Non-Hispanic,true,96,161
394222,16,Male,,Graduate,Non-Hispanic,true,22,116
394223,18,Male,,College,Non-Hispanic,true,3,45
394224,9,Female,,Secondary,Non-Hispanic,true,2,37
394225,12,Male,,College,Non-Hispanic,true,2,50
394226,17,Male,,Some College,Non-Hispanic,true,68,188
394227,18,Female,,Secondary,Non-Hispanic,true,25,144
394228,18,Male,,College,Non-Hispanic,true,88,233
394229,8,Female,,Some College,Non-Hispanic,true,0,18
394230,14,Female,,Graduate,Non-Hispanic,true,2,25
394231,18,Female,,Some College,Non-Hispanic,true,11,174
394232,14,Female,,Secondary,Non-Hispanic,true,110,284
394233,13,Female,,College,Non-Hispanic,true,0,22
394234,8,Male,,College,Non-Hispanic,true,0,1
394235,8,Male,,College,Non-Hispanic,true,0,0
394236,12,Male,,Some College,Non-Hispanic,true,7,64
394237,14,Female,,Graduate,Non-Hispanic,true,14,44
394238,15,Male,,Some College,Non-Hispanic,true,2,59
394239,8,Male,,College,Non-Hispanic,true,0,10
394240,12,Male,,Graduate,Non-Hispanic,true,8,112
394241,13,Male,,Secondary,Non-Hispanic,true,14,149
394242,12,Female,,College,Non-Hispanic,true,66,217
394243,17,Male,,College,Hispanic,true,31,118
394244,9,Female,,College,Non-Hispanic,true,0,35
394245,10,Male,,College,Non-Hispanic,true,0,104
394246,9,Female,,Graduate,Non-Hispanic,true,0,7
394247,12,Female,,Secondary,Non-Hispanic,true,0,99
394248,13,Female,,Graduate,Non-Hispanic,true,4,240
394249,11,Female,,Graduate,Non-Hispanic,true,2,47
394250,17,Male,,College,Non-Hispanic,true,21,198
394251,17,Female,,Some College,Non-Hispanic,true,25,112
394252,13,Male,,Secondary,Non-Hispanic,true,218,238
394253,15,Female,,College,Non-Hispanic,true,4,215
394254,12,Male,,Some College,Non-Hispanic,true,7,85
394255,9,Male,,Secondary,Non-Hispanic,true,2,16
394256,16,Female,,Graduate,Non-Hispanic,true,13,188
394257,13,Male,,College,Non-Hispanic,true,53,75
394258,11,Male,,Graduate,Non-Hispanic,true,18,79
394259,8,Male,,Some College,Hispanic,true,21,41
394260,11,Male,,College,Non-Hispanic,true,2,26
394261,13,Female,,Some Graduate,Non-Hispanic,true,22,395
394262,12,Male,,Some Graduate,Non-Hispanic,true,8,264
394263,8,Male,,Some Secondary,Non-Hispanic,true,0,0
394264,8,Male,,Graduate,Non-Hispanic,true,0,7
394265,13,Female,,Some College,Non-Hispanic,true,4,55
394266,8,Male,,Graduate,Non-Hispanic,true,0,0
394267,12,Female,,Graduate,Non-Hispanic,true,12,164
394268,17,Female,,College,Non-Hispanic,true,60,396
394269,16,Female,,College,Non-Hispanic,true,0,92
394270,16,Female,,College,Hispanic,true,8,123
394271,18,Female,,College,Hispanic,true,11,199
394272,17,Female,,Graduate,Non-Hispanic,true,11,49
394273,17,Female,,Graduate,Non-Hispanic,true,69,150
394274,11,Female,,Graduate,Non-Hispanic,true,10,68
394275,16,Female,,College,Non-Hispanic,true,62,340
394276,14,Female,,Some Graduate,Non-Hispanic,true,5,70
394277,8,Female,,Some College,Non-Hispanic,true,1,13
394278,9,Male,,Graduate,Non-Hispanic,true,1,47
394279,11,Male,,Graduate,Non-Hispanic,true,4,72
394280,8,Male,,Graduate,Non-Hispanic,true,0,18
394281,13,Female,,Secondary,Hispanic,true,44,395
394282,11,Female,,Some College,Non-Hispanic,true,11,124
394283,13,Female,,Graduate,Non-Hispanic,true,0,54
394284,8,Male,,Graduate,Non-Hispanic,true,0,0
394285,12,Female,,Some College,Non-Hispanic,true,9,90
394286,13,Female,,College,Non-Hispanic,true,4,46
394287,12,Female,,Graduate,Non-Hispanic,true,2,62
394288,18,Female,,Graduate,Non-Hispanic,true,146,351
394289,12,Male,,College,Non-Hispanic,true,7,140
394290,16,Male,,College,Non-Hispanic,true,33,394
394291,9,Male,,Graduate,Non-Hispanic,true,3,14
394292,10,Male,,College,Non-Hispanic,true,5,105
394293,12,Female,,Secondary,Non-Hispanic,true,20,52
394294,11,Female,,College,Non-Hispanic,true,1,18
394295,11,Female,,College,Non-Hispanic,true,69,173
394296,14,Female,,Secondary,Non-Hispanic,true,0,60
394297,13,Female,,Secondary,Non-Hispanic,true,140,182
394298,13,Female,,Graduate,Non-Hispanic,true,15,165
394299,12,Male,,Graduate,Non-Hispanic,true,0,37
394300,8,Male,,Some Secondary,Non-Hispanic,true,0,0
394301,17,Male,,Graduate,Non-Hispanic,true,42,331
394302,14,Male,,Some College,Non-Hispanic,true,2,36
394303,13,Female,,Graduate,Non-Hispanic,true,1,55
394304,17,Male,,Graduate,Non-Hispanic,true,205,276
394305,13,Female,,Graduate,Non-Hispanic,true,19,94
394306,13,Male,,Secondary,Non-Hispanic,true,25,114
394307,17,Male,,Secondary,Non-Hispanic,true,350,396
394308,14,Male,,Graduate,Non-Hispanic,true,0,0
394309,18,Male,,College,Non-Hispanic,true,74,166
394310,16,Male,,Secondary,Non-Hispanic,true,41,80
394311,8,Male,,Graduate,Non-Hispanic,true,1,2
394312,9,Male,,Secondary,Hispanic,true,19,127
394313,18,Female,,College,Non-Hispanic,true,278,389
394314,12,Female,,College,Hispanic,true,0,77
394315,8,Female,,Some Secondary,Non-Hispanic,true,0,0
394316,14,Male,,Some College,Non-Hispanic,true,371,381
394317,11,Male,,College,Non-Hispanic,true,10,96
394318,17,Female,,College,Non-Hispanic,true,59,266
394319,11,Male,,College,Non-Hispanic,true,3,87
394320,17,Female,,Graduate,Non-Hispanic,true,41,178
394321,18,Female,,Secondary,Hispanic,true,18,131
394322,8,Male,,Graduate,Non-Hispanic,true,0,7
394323,17,Female,,Some College,Non-Hispanic,true,17,232
394324,13,Male,,Graduate,Non-Hispanic,true,1,50
394325,13,Female,,Secondary,Non-Hispanic,true,1,39
394326,12,Female,,Some College,Non-Hispanic,true,2,131
394327,14,Male,,Some College,Non-Hispanic,true,73,395
394328,11,Male,,Some College,Non-Hispanic,true,3,33
394329,12,Male,,Graduate,Non-Hispanic,true,7,29
394330,11,Female,,Graduate,Non-Hispanic,true,14,56
394331,11,Male,,College,Non-Hispanic,true,4,23
394332,15,Male,,Secondary,Non-Hispanic,true,65,268
394333,11,Female,,Graduate,Non-Hispanic,true,9,67
394334,17,Female,,Secondary,Non-Hispanic,true,39,126
394335,12,Female,,Secondary,Non-Hispanic,true,0,9
394336,17,Female,,Graduate,Non-Hispanic,true,234,285
394337,18,Male,,Some Graduate,Non-Hispanic,true,29,151
394338,8,Male,,Graduate,Non-Hispanic,true,0,19
394339,9,Female,,Some College,Non-Hispanic,true,12,396
394340,13,Male,,Some Secondary,Non-Hispanic,true,52,190
394341,11,Female,,Some College,Non-Hispanic,true,6,44
394342,12,Male,,Graduate,Non-Hispanic,true,9,51
394343,14,Male,,Graduate,Non-Hispanic,true,63,212
394344,9,Male,,Graduate,Non-Hispanic,true,1,37
394345,14,Female,,Graduate,Non-Hispanic,true,2,101
394346,8,Male,,Graduate,Non-Hispanic,true,0,14
394347,16,Female,,College,Non-Hispanic,true,18,88
394348,12,Female,,Secondary,Hispanic,true,0,7
394349,8,Female,,Graduate,Hispanic,true,0,7
394350,16,Male,,Some Graduate,Hispanic,true,17,235
394351,18,Male,,Graduate,Non-Hispanic,true,36,347
394352,15,Male,,Secondary,Non-Hispanic,true,18,166
394353,14,Female,,Graduate,Non-Hispanic,true,29,155
394354,13,Male,,Some College,Non-Hispanic,true,7,229
394355,13,Female,,Graduate,Non-Hispanic,true,14,149
394356,18,Male,,Some College,Non-Hispanic,true,164,288
394357,8,Male,,Graduate,Non-Hispanic,true,0,11
394358,17,Male,,College,Non-Hispanic,true,134,208
394359,16,Male,,Graduate,Non-Hispanic,true,35,145
394360,8,Male,,Some Graduate,Hispanic,true,3,17
394361,16,Male,,College,Non-Hispanic,true,28,77
394362,17,Male,,Graduate,Non-Hispanic,true,10,141
394363,13,Female,,College,Non-Hispanic,true,14,130
394364,11,Female,,College,Non-Hispanic,true,27,92
394365,8,Female,,College,Non-Hispanic,true,0,20
394366,12,Female,,College,Non-Hispanic,true,1,8
394367,17,Male,,Graduate,Non-Hispanic,true,0,240
394368,14,Female,,College,Non-Hispanic,true,4,90
394369,12,Female,,College,Non-Hispanic,true,5,26
394370,16,Female,,Some College,Non-Hispanic,true,20,256
394371,18,Female,,Some College,Non-Hispanic,true,27,94
394372,10,Female,,Some College,Non-Hispanic,true,9,41
394373,11,Female,,Some College,Non-Hispanic,true,21,80
394374,12,Female,,Some College,Non-Hispanic,true,40,126
394375,9,Female,,Graduate,Non-Hispanic,true,5,45
394376,8,Male,,Graduate,Non-Hispanic,true,4,27
394377,11,Female,,Graduate,Non-Hispanic,true,1,6
394378,16,Female,,College,Non-Hispanic,true,2,148
394379,13,Male,,Some Graduate,Non-Hispanic,true,8,18
394380,16,Female,,College,Non-Hispanic,true,8,46
394381,13,Male,,Graduate,Non-Hispanic,true,5,129
394382,11,Male,,Graduate,Non-Hispanic,true,1,1
394383,14,Male,,Graduate,Non-Hispanic,true,3,53
394384,9,Female,,Graduate,Non-Hispanic,true,0,17
394385,12,Male,,Graduate,Non-Hispanic,true,25,90
394386,14,Female,,Some College,Hispanic,true,72,232
394387,8,Female,,College,Non-Hispanic,true,6,37
394388,15,Male,,College,Non-Hispanic,true,57,113
394389,14,Female,,College,Non-Hispanic,true,0,71
394390,15,Female,,Graduate,Non-Hispanic,true,26,84
394391,14,Male,,College,Hispanic,true,4,136
394392,10,Male,,Graduate,Non-Hispanic,true,0,27
394393,13,Male,,Secondary,Hispanic,true,29,65
394394,10,Male,,Graduate,Non-Hispanic,true,0,8
394395,12,Male,,College,Non-Hispanic,true,9,64
394396,9,Male,,Graduate,Non-Hispanic,true,0,7
394397,10,Male,,Graduate,Non-Hispanic,true,0,7
394398,13,Male,,College,Non-Hispanic,true,7,98
394399,16,Female,,Some College,Hispanic,true,17,117
394400,13,Male,,Graduate,Non-Hispanic,true,6,87
394401,8,Male,,College,Non-Hispanic,true,3,136
394402,16,Female,,Graduate,Non-Hispanic,true,34,152
394403,13,Male,,Some College,Non-Hispanic,true,8,43
394404,8,Male,,Some College,Non-Hispanic,true,5,14
394405,14,Male,,College,Non-Hispanic,true,16,137
394406,13,Male,,College,Non-Hispanic,true,5,37
394407,15,Male,,College,Non-Hispanic,true,4,142
394408,9,Male,,Graduate,Non-Hispanic,true,0,32
394409,16,Female,,College,Non-Hispanic,true,18,119
394410,17,Male,,College,Hispanic,true,13,114
394411,17,Male,,College,Non-Hispanic,true,15,211
394412,12,Female,,College,Non-Hispanic,true,6,47
394413,8,Male,,Graduate,Non-Hispanic,true,0,32
394414,13,Male,,Graduate,Non-Hispanic,true,2,34
394415,16,Male,,Some College,Non-Hispanic,true,59,396
394416,8,Male,,Graduate,Non-Hispanic,true,0,8
394417,16,Male,,Secondary,Non-Hispanic,true,3,4
394418,13,Male,,Graduate,Non-Hispanic,true,13,133
394419,16,Female,,Graduate,Non-Hispanic,true,24,183
394420,13,Female,,Graduate,Hispanic,true,0,27
394421,14,Male,,Graduate,Non-Hispanic,true,7,66
394422,16,Male,,Graduate,Non-Hispanic,true,71,174
394423,17,Male,,College,Non-Hispanic,true,31,111
394424,11,Female,,Graduate,Non-Hispanic,true,3,61
394425,12,Female,,Graduate,Non-Hispanic,true,2,19
394426,11,Female,,Graduate,Non-Hispanic,true,0,19
394427,18,Female,,Secondary,Non-Hispanic,true,29,149
394428,8,Female,,College,Non-Hispanic,true,0,3
394429,14,Male,,Graduate,Non-Hispanic,true,4,25
394430,13,Female,,Secondary,Hispanic,true,12,47
394431,10,Male,,College,Non-Hispanic,true,4,57
394432,18,Male,,Secondary,Non-Hispanic,true,19,174
394433,12,Male,,College,Non-Hispanic,true,2,72
394434,15,Male,,College,Non-Hispanic,true,0,46
394435,13,Male,,College,Non-Hispanic,true,0,36
394436,18,Male,,College,Hispanic,true,30,249
394437,14,Male,,College,Non-Hispanic,true,0,36
394438,8,Female,,College,Non-Hispanic,true,0,41
394439,13,Male,,College,Non-Hispanic,true,0,28
394440,10,Male,,College,Non-Hispanic,true,0,45
394441,16,Male,,Some College,Non-Hispanic,true,15,154
394442,14,Male,,Some College,Non-Hispanic,true,29,301
394443,18,Female,,Graduate,Non-Hispanic,true,75,246
394444,9,Male,,College,Non-Hispanic,true,4,51
394445,11,Male,,Graduate,Non-Hispanic,true,1,61
394446,8,Male,,Primary,Non-Hispanic,true,0,0
394447,15,Male,,College,Hispanic,true,16,45
394448,12,Male,,Some College,Non-Hispanic,true,10,36
394449,12,Female,,Some Secondary,Non-Hispanic,true,7,41
394450,15,Female,,College,Non-Hispanic,true,14,215
394451,18,Male,,College,Non-Hispanic,true,14,31
394452,15,Male,,Some College,Non-Hispanic,true,240,396
394453,17,Female,,Graduate,Non-Hispanic,true,11,394
394454,11,Male,,Some College,Non-Hispanic,true,0,71
394455,8,Male,,Some College,Non-Hispanic,true,0,21
394456,12,Male,,College,Non-Hispanic,true,5,113
394457,10,Female,,Some College,Hispanic,true,25,396
394458,9,Male,,Some College,Non-Hispanic,true,52,75
394459,14,Male,,Some College,Non-Hispanic,true,42,187
394460,14,Male,,College,Non-Hispanic,true,29,121
394461,8,Male,,Secondary,Non-Hispanic,true,0,54
394462,15,Male,,Secondary,Non-Hispanic,true,22,393
394463,16,Female,,College,Non-Hispanic,true,14,171
394464,8,Male,,Some College,Non-Hispanic,true,3,70
394465,15,Male,,Some Secondary,Non-Hispanic,true,1,24
394466,14,Male,,Secondary,Non-Hispanic,true,1,221
394467,16,Male,,Secondary,Non-Hispanic,true,5,86
394468,10,Female,,College,Hispanic,true,3,92
394469,12,Male,,College,Non-Hispanic,true,2,97
394470,11,Female,,College,Hispanic,true,0,57
394471,14,Female,,College,Non-Hispanic,true,21,136
394472,8,Female,,Secondary,Non-Hispanic,true,0,32
394473,16,Male,,Graduate,Non-Hispanic,true,19,173
394474,12,Male,,Secondary,Non-Hispanic,true,0,4
394475,8,Female,,College,Non-Hispanic,true,75,215
394476,15,Male,,Some College,Non-Hispanic,true,241,394
394477,14,Male,,College,Non-Hispanic,true,66,306
394478,18,Male,,Some Secondary,Non-Hispanic,true,1,10
394479,14,Male,,Some College,Non-Hispanic,true,347,390
394480,8,Female,,Secondary,Non-Hispanic,true,3,22
394481,18,Female,,Graduate,Non-Hispanic,true,27,103
394482,17,Male,,Secondary,Non-Hispanic,true,0,396
394483,8,Male,,Secondary,Hispanic,true,1,169
394484,11,Female,,College,Non-Hispanic,true,1,10
394485,14,Female,,Some College,Non-Hispanic,true,9,26
394486,10,Female,,Secondary,Non-Hispanic,true,36,49
394487,10,Female,,Some College,Non-Hispanic,true,27,109
394488,8,Female,,Graduate,Non-Hispanic,true,240,392
394489,11,Male,,Some College,Non-Hispanic,true,27,396
394490,9,Female,,College,Hispanic,true,6,31
394491,11,Male,,Some College,Non-Hispanic,true,0,0
394492,12,Male,,Some College,Non-Hispanic,true,27,57
394493,12,Male,,Some College,Non-Hispanic,true,56,396
394494,8,Male,,Secondary,Non-Hispanic,true,0,16
394495,11,Male,,Secondary,Non-Hispanic,true,0,4
394496,13,Female,,Some College,Non-Hispanic,true,57,274
394497,17,Male,,Secondary,Non-Hispanic,true,4,27
394498,8,Male,,Some College,Non-Hispanic,true,2,17
394499,16,Male,,Some College,Non-Hispanic,true,8,70
394500,13,Female,,Secondary,Non-Hispanic,true,162,395
394501,14,Female,,Secondary,Non-Hispanic,true,6,41
394502,11,Female,,College,Non-Hispanic,true,234,389
394503,11,Female,,Secondary,Non-Hispanic,true,160,325
394504,9,Female,,Some College,Non-Hispanic,true,58,160
394505,14,Female,,College,Non-Hispanic,true,42,185
394506,12,Male,,College,Hispanic,true,41,98
394507,8,Male,,College,Non-Hispanic,true,1,258
394508,12,Female,,College,Non-Hispanic,true,3,116
394509,13,Female,,Secondary,Non-Hispanic,true,0,1
394510,15,Male,,Some Graduate,Non-Hispanic,true,18,111
394511,18,Male,,Some Graduate,Non-Hispanic,true,65,233
394512,13,Male,,Graduate,Non-Hispanic,true,19,83
394513,16,Female,,Graduate,Non-Hispanic,true,54,242
394514,13,Male,,Graduate,Non-Hispanic,true,32,95
394515,11,Male,,College,Non-Hispanic,true,2,91
394516,10,Female,,College,Non-Hispanic,true,1,27
394517,16,Male,,College,Non-Hispanic,true,10,116
394518,8,Male,,Graduate,Non-Hispanic,true,1,1
394519,8,Male,,Graduate,Non-Hispanic,true,0,7
394520,17,Female,,Graduate,Non-Hispanic,true,14,243
394521,13,Female,,College,Non-Hispanic,true,17,127
394522,12,Male,,Graduate,Non-Hispanic,true,1,49
394523,16,Male,,Graduate,Non-Hispanic,true,79,132
394524,14,Female,,Graduate,Non-Hispanic,true,10,41
394525,17,Female,,Graduate,Non-Hispanic,true,30,136
394526,15,Female,,Graduate,Non-Hispanic,true,7,59
394527,17,Female,,Graduate,Non-Hispanic,true,9,64
394528,15,Male,,College,Non-Hispanic,true,20,84
394529,17,Male,,College,Non-Hispanic,true,34,160
394530,15,Male,,College,Non-Hispanic,true,45,196
394531,16,Female,,College,Non-Hispanic,true,58,119
394532,10,Female,,Graduate,Non-Hispanic,true,1,20
394533,14,Male,,Graduate,Non-Hispanic,true,4,26
394534,17,Male,,Graduate,Non-Hispanic,true,7,87
394535,8,Male,,Graduate,Hispanic,true,1,6
394536,13,Male,,Graduate,Non-Hispanic,true,3,12
394537,11,Female,,Some College,Non-Hispanic,true,5,15
394538,13,Male,,Graduate,Non-Hispanic,true,53,204
394539,12,Male,,College,Non-Hispanic,true,0,0
394540,10,Male,,College,Non-Hispanic,true,0,0
394541,14,Male,,Graduate,Non-Hispanic,true,47,186
394542,15,Male,,Graduate,Non-Hispanic,true,0,14
394543,15,Male,,College,Non-Hispanic,true,34,257
394544,15,Female,,Graduate,Non-Hispanic,true,7,87
394545,8,Male,,College,Non-Hispanic,true,0,3
394546,11,Male,,College,Non-Hispanic,true,0,27
394547,12,Female,,Graduate,Non-Hispanic,true,6,20
394548,9,Male,,Graduate,Non-Hispanic,true,0,23
394549,9,Female,,Some College,Non-Hispanic,true,0,2
394550,14,Female,,Some College,Hispanic,true,11,57
394551,10,Male,,College,Non-Hispanic,true,0,11
394552,14,Male,,College,Non-Hispanic,true,9,84
394553,13,Male,,Graduate,Non-Hispanic,true,7,56
394554,11,Male,,Graduate,Non-Hispanic,true,0,89
394555,13,Female,,Graduate,Non-Hispanic,true,0,49
394556,14,Female,,Graduate,Non-Hispanic,true,71,98
394557,11,Male,,Graduate,Non-Hispanic,true,7,57
394558,14,Female,,Some Graduate,Hispanic,true,11,13
394559,8,Male,,Some College,Non-Hispanic,true,0,7
394560,13,Male,,Graduate,Non-Hispanic,true,4,40
394561,14,Female,,College,Non-Hispanic,true,7,92
394562,8,Female,,Graduate,Non-Hispanic,true,2,71
394563,8,Female,,Graduate,Non-Hispanic,true,0,79
394564,8,Male,,Graduate,Non-Hispanic,true,0,7
394565,15,Male,,Graduate,Non-Hispanic,true,12,153
394566,9,Male,,College,Non-Hispanic,true,0,15
394567,9,Male,,Graduate,Non-Hispanic,true,0,6
394568,13,Male,,Graduate,Non-Hispanic,true,2,74
394569,11,Female,,College,Non-Hispanic,true,1,378
394570,14,Male,,Graduate,Non-Hispanic,true,1,124
394571,14,Female,,Some College,Hispanic,true,21,52
394572,9,Female,,Some Graduate,Non-Hispanic,true,0,3
394573,10,Male,,Graduate,Non-Hispanic,true,3,18
394574,8,Male,,Graduate,Non-Hispanic,true,0,4
394575,10,Male,,Graduate,Non-Hispanic,true,0,16
394576,12,Male,,Graduate,Non-Hispanic,true,0,7
394577,10,Female,,Graduate,Non-Hispanic,true,0,25
394578,8,Male,,Graduate,Non-Hispanic,true,1,34
394579,9,Male,,Graduate,Non-Hispanic,true,0,25
394580,12,Male,,College,Non-Hispanic,true,10,62
394581,12,Male,,Graduate,Non-Hispanic,true,6,34
394582,9,Female,,Some Graduate,Non-Hispanic,true,2,7
394583,8,Female,,Graduate,Non-Hispanic,true,0,37
394584,8,Male,,Graduate,Non-Hispanic,true,0,6
394585,10,Male,,Graduate,Non-Hispanic,true,1,39
394586,8,Female,,Graduate,Non-Hispanic,true,0,5
394587,17,Female,,Graduate,Non-Hispanic,true,84,194
394588,17,Male,,Graduate,Non-Hispanic,true,23,122
394589,8,Male,,College,Non-Hispanic,true,0,6
394590,14,Male,,College,Non-Hispanic,true,3,99
394591,16,Female,,Graduate,Non-Hispanic,true,21,267
394592,9,Male,,Graduate,Non-Hispanic,true,1,46
394593,14,Male,,Graduate,Non-Hispanic,true,18,135
394594,8,Female,,College,Non-Hispanic,true,0,5
394595,8,Male,,College,Non-Hispanic,true,0,8
394596,8,Female,,Graduate,Non-Hispanic,true,0,62
394597,9,Female,,Graduate,Non-Hispanic,true,1,28
394598,9,Male,,Graduate,Non-Hispanic,true,0,21
394599,10,Male,,Graduate,Non-Hispanic,true,1,6
394600,10,Male,,College,Non-Hispanic,true,0,19
394601,11,Male,,College,Non-Hispanic,true,0,39
394602,10,Male,,College,Non-Hispanic,true,0,27
394603,8,Female,,Graduate,Non-Hispanic,true,0,7
394604,8,Female,,College,Non-Hispanic,true,0,7
394605,8,Male,,College,Non-Hispanic,true,3,18
394606,9,Male,,College,Non-Hispanic,true,5,35
394607,14,Female,,College,Non-Hispanic,true,1,96
394608,8,Male,,Some College,Non-Hispanic,true,1,26
394609,10,Male,,College,Non-Hispanic,true,0,49
394610,15,Male,,College,Non-Hispanic,true,3,76
394611,14,Male,,Some College,Hispanic,true,38,193
394612,14,Male,,Graduate,Non-Hispanic,true,4,40
394613,14,Male,,Some College,Non-Hispanic,true,114,214
394614,16,Female,,Graduate,Non-Hispanic,true,13,176
394615,10,Female,,College,Non-Hispanic,true,6,23
394616,10,Female,,College,Non-Hispanic,true,1,1
394617,13,Male,,Graduate,Non-Hispanic,true,11,37
394618,13,Female,,College,Non-Hispanic,true,6,73
394619,14,Female,,College,Non-Hispanic,true,6,36
394620,8,Female,,College,Non-Hispanic,true,2,14
394621,8,Female,,Some Graduate,Non-Hispanic,true,1,11
394622,15,Male,,Graduate,Non-Hispanic,true,0,0
394623,12,Male,,College,Non-Hispanic,true,1,54
394624,12,Female,,College,Non-Hispanic,true,1,54
394625,9,Male,,Graduate,Non-Hispanic,true,3,36
394626,12,Female,,Graduate,Non-Hispanic,true,0,0
394627,11,Male,,Graduate,Hispanic,true,0,3
394628,13,Male,,Graduate,Hispanic,true,0,8
394629,13,Male,,Graduate,Non-Hispanic,true,1,140
394630,12,Male,,Graduate,Non-Hispanic,true,0,0
394631,14,Female,,College,Non-Hispanic,true,0,0
394632,13,Female,,Graduate,Non-Hispanic,true,0,0
394633,11,Male,,College,Non-Hispanic,true,0,5
394634,10,Male,,Graduate,Non-Hispanic,true,0,42
394635,11,Female,,Graduate,Non-Hispanic,true,0,19
394636,10,Male,,College,Non-Hispanic,true,6,18
394637,11,Male,,Graduate,Non-Hispanic,true,1,33
394638,9,Male,,Graduate,Non-Hispanic,true,0,15
394639,13,Male,,Graduate,Non-Hispanic,true,0,0
394640,8,Female,,Graduate,Non-Hispanic,true,0,29
394641,10,Male,,Graduate,Non-Hispanic,true,2,23
394642,9,Female,,Graduate,Non-Hispanic,true,0,83
394643,15,Male,,Graduate,Non-Hispanic,true,70,212
394644,10,Male,,Graduate,Non-Hispanic,true,0,29
394645,12,Female,,Graduate,Non-Hispanic,true,0,0
394646,12,Female,,Some Graduate,Non-Hispanic,true,0,49
394647,16,Male,,Graduate,Non-Hispanic,true,23,154
394648,10,Female,,Some College,Non-Hispanic,true,3,40
394649,12,Female,,Graduate,Non-Hispanic,true,0,40
394650,14,Male,,Some Graduate,Non-Hispanic,true,17,54
394651,12,Male,,College,Non-Hispanic,true,2,85
394652,8,Female,,Some Graduate,Non-Hispanic,true,4,82
394653,9,Male,,Graduate,Non-Hispanic,true,0,32
394654,14,Female,,Graduate,Non-Hispanic,true,4,36
394655,12,Male,,Graduate,Non-Hispanic,true,2,39
394656,12,Female,,Graduate,Non-Hispanic,true,1,37
394657,14,Male,,College,Non-Hispanic,true,21,83
394658,14,Female,,College,Non-Hispanic,true,0,333
394659,10,Female,,College,Non-Hispanic,true,0,0
394660,11,Female,,Graduate,Non-Hispanic,true,2,14
394661,12,Female,,Graduate,Non-Hispanic,true,1,38
394662,15,Male,,College,Non-Hispanic,true,0,0
394663,14,Male,,Graduate,Non-Hispanic,true,0,0
394664,13,Female,,College,Hispanic,true,0,0
394665,14,Male,,Graduate,Non-Hispanic,true,0,0
394666,11,Female,,College,Non-Hispanic,true,0,0
394667,14,Male,,College,Non-Hispanic,true,0,0
394668,13,Male,,College,Hispanic,true,14,57
394669,14,Female,,Graduate,Non-Hispanic,true,48,174
394670,15,Male,,College,Non-Hispanic,true,0,0
394671,15,Male,,Graduate,Hispanic,true,0,0
394672,14,Female,,Graduate,Non-Hispanic,true,0,0
394673,14,Female,,College,Non-Hispanic,true,0,0
394674,13,Male,,Graduate,Non-Hispanic,true,0,0
394675,13,Female,,Graduate,Non-Hispanic,true,0,0
394676,10,Male,,Graduate,Non-Hispanic,true,0,0
394677,14,Male,,Graduate,Non-Hispanic,true,0,0
394678,15,Female,,College,Non-Hispanic,true,0,0
394679,15,Male,,Graduate,Non-Hispanic,true,0,0
394680,14,Male,,Graduate,Non-Hispanic,true,0,0
394681,10,Male,,Graduate,Non-Hispanic,true,0,0
394682,11,Male,,Graduate,Non-Hispanic,true,0,0
394683,9,Male,,Graduate,Non-Hispanic,true,0,0
394684,10,Male,,Graduate,Non-Hispanic,true,0,0
394685,11,Male,,College,Non-Hispanic,true,0,0
394686,15,Female,,Some College,Non-Hispanic,true,0,0
394687,15,Female,,College,Non-Hispanic,true,0,0
394688,12,Male,,Graduate,Non-Hispanic,true,0,0
394689,14,Female,,Graduate,Non-Hispanic,true,0,0
394690,13,Female,,Graduate,Non-Hispanic,true,0,0
394691,11,Male,,College,Non-Hispanic,true,0,0
394692,10,Male,,Graduate,Non-Hispanic,true,0,0
394693,12,Male,,Graduate,Non-Hispanic,true,0,0
394694,10,Female,,Some College,Non-Hispanic,true,0,0
394695,11,Male,,Graduate,Non-Hispanic,true,0,0
394696,13,Male,,College,Non-Hispanic,true,12,131
394697,13,Male,,College,Non-Hispanic,true,8,50
394698,12,Female,,College,Non-Hispanic,true,3,51
394699,12,Male,,Graduate,Non-Hispanic,true,6,28
394700,12,Female,,Graduate,Non-Hispanic,true,22,138
394701,18,Male,,College,Non-Hispanic,true,152,304
394702,17,Female,,College,Non-Hispanic,true,146,354
394703,18,Female,,Graduate,Non-Hispanic,true,8,221
394704,18,Male,,Some College,Non-Hispanic,true,8,254
394705,17,Female,,Some Graduate,Non-Hispanic,true,57,222
394706,17,Male,,Graduate,Non-Hispanic,true,16,203
394707,17,Female,,Graduate,Non-Hispanic,true,17,79
394708,18,Male,,Graduate,Non-Hispanic,true,52,97
394709,17,Male,,Graduate,Non-Hispanic,true,71,262
394710,18,Male,,College,Non-Hispanic,true,19,60
394711,18,Male,,Some Graduate,Non-Hispanic,true,24,62
394712,18,Female,,College,Non-Hispanic,true,2,89
394713,18,Male,,Graduate,Non-Hispanic,true,30,163
394714,17,Male,,Graduate,Hispanic,true,63,238
394715,18,Male,,Graduate,Non-Hispanic,true,170,289
394716,18,Female,,Some Graduate,Non-Hispanic,true,102,238
394717,17,Female,,College,Non-Hispanic,true,30,60
394718,17,Male,,College,Hispanic,true,133,286
394719,17,Male,,Graduate,Non-Hispanic,true,10,143
394720,18,Female,,Graduate,Non-Hispanic,true,128,244
394721,18,Male,,Secondary,Non-Hispanic,true,84,274
394722,18,Male,,Some College,Non-Hispanic,true,10,144
394723,18,Male,,College,Non-Hispanic,true,71,174
394724,18,Male,,College,Hispanic,true,58,330
394725,17,Male,,Some College,Non-Hispanic,true,27,235
394726,17,Female,,Some College,Non-Hispanic,true,42,207
394727,18,Female,,Graduate,Non-Hispanic,true,34,123
394728,14,Male,,Graduate,Non-Hispanic,true,7,61
394729,18,Female,,Some College,Non-Hispanic,true,5,175
394730,17,Female,,Graduate,Hispanic,true,37,207
394731,17,Female,,Graduate,Non-Hispanic,true,22,185
394732,17,Male,,Graduate,Non-Hispanic,true,79,234
394733,17,Male,,Graduate,Non-Hispanic,true,43,214
394734,17,Female,,College,Non-Hispanic,true,10,263
394735,17,Male,,Graduate,Non-Hispanic,true,16,326
394736,17,Female,,Some Graduate,Non-Hispanic,true,344,389
394737,17,Female,,Graduate,Non-Hispanic,true,13,283
394738,17,Female,,Graduate,Non-Hispanic,true,27,140
394739,18,Male,,Graduate,Hispanic,true,20,172
394740,17,Male,,Graduate,Non-Hispanic,true,127,295
394741,18,Female,,Graduate,Non-Hispanic,true,17,209
394742,18,Female,,Graduate,Non-Hispanic,true,94,236
394743,18,Female,,Graduate,Non-Hispanic,true,51,294
394744,18,Female,,Graduate,Hispanic,true,151,270
394745,18,Male,,Graduate,Non-Hispanic,true,10,218
394746,18,Male,,Graduate,Non-Hispanic,true,11,256
394747,18,Female,,Some Graduate,Non-Hispanic,true,60,243
394748,17,Female,,Graduate,Non-Hispanic,true,82,299
394749,17,Male,,Some College,Non-Hispanic,true,0,164
394750,18,Male,,Some Graduate,Non-Hispanic,true,13,44
394751,18,Male,,Graduate,Non-Hispanic,true,127,286
394752,13,Female,,Graduate,Non-Hispanic,true,4,15
394753,18,Male,,Graduate,Non-Hispanic,true,33,169
394754,18,Male,,Secondary,Non-Hispanic,true,28,171
394755,18,Female,,College,Non-Hispanic,true,23,160
394756,18,Female,,Graduate,Hispanic,true,35,221
394757,18,Female,,College,Non-Hispanic,true,62,222
394758,12,Female,,Graduate,Non-Hispanic,true,7,221
394759,18,Female,,Secondary,Non-Hispanic,true,143,338
394760,18,Female,,College,Non-Hispanic,true,25,244
394761,18,Male,,Some College,Non-Hispanic,true,174,268
394762,18,Male,,Some College,Non-Hispanic,true,28,188
394763,18,Female,,Graduate,Non-Hispanic,true,284,338
394764,18,Female,,Graduate,Non-Hispanic,true,110,177
394765,18,Female,,College,Non-Hispanic,true,4,193
394766,18,Male,,Graduate,Non-Hispanic,true,209,355
394767,18,Female,,College,Non-Hispanic,true,175,327
394768,18,Female,,Secondary,Non-Hispanic,true,153,306
394769,11,Female,,Graduate,Non-Hispanic,true,0,71
394770,18,Female,,Graduate,Non-Hispanic,true,3,235
394771,18,Male,,Graduate,Non-Hispanic,true,150,261
394772,18,Female,,College,Non-Hispanic,true,122,227
394773,11,Male,,College,Non-Hispanic,true,3,42
394774,18,Male,,Some Graduate,Non-Hispanic,true,68,201
394775,18,Male,,College,Non-Hispanic,true,120,227
394776,18,Female,,Graduate,Non-Hispanic,true,23,363
394777,18,Female,,Secondary,Non-Hispanic,true,31,253
394778,18,Female,,Graduate,Hispanic,true,43,106
394779,12,Female,,Some College,Non-Hispanic,true,3,76
394780,17,Female,,College,Non-Hispanic,true,26,264
394781,18,Male,,Graduate,Non-Hispanic,true,167,180
394782,18,Male,,College,Non-Hispanic,true,57,98
394783,11,Female,,Graduate,Non-Hispanic,true,6,82
394784,12,Female,,College,Non-Hispanic,true,6,138
394785,18,Female,,College,Non-Hispanic,true,59,291
394786,11,Female,,College,Non-Hispanic,true,2,15
394787,18,Male,,Graduate,Non-Hispanic,true,106,362
394788,12,Female,,College,Non-Hispanic,true,0,46
394789,12,Male,,Some Graduate,Non-Hispanic,true,1,22
394790,18,Male,,College,Non-Hispanic,true,16,99
394791,12,Female,,College,Non-Hispanic,true,9,100
394792,18,Female,,College,Non-Hispanic,true,57,328
394793,11,Male,,College,Non-Hispanic,true,1,29
394794,18,Male,,Some College,Non-Hispanic,true,14,68
394795,18,Female,,Graduate,Hispanic,true,100,281
394796,18,Female,,College,Non-Hispanic,true,29,192
394797,12,Female,,Some Graduate,Non-Hispanic,true,4,26
394798,18,Female,,Graduate,Non-Hispanic,true,19,139
394799,18,Female,,Graduate,Hispanic,true,122,213
394800,17,Male,,College,Non-Hispanic,true,3,62
394801,12,Male,,College,Non-Hispanic,true,0,26
394802,18,Female,,Graduate,Non-Hispanic,true,81,198
394803,18,Female,,Graduate,Non-Hispanic,true,207,313
394804,18,Female,,College,Non-Hispanic,true,75,273
394805,17,Female,,Graduate,Non-Hispanic,true,121,396
394806,18,Male,,Some College,Non-Hispanic,true,76,233
394807,18,Female,,Graduate,Non-Hispanic,true,124,264
394808,11,Male,,College,Non-Hispanic,true,0,7
394809,18,Male,,College,Non-Hispanic,true,11,39
394810,11,Male,,College,Non-Hispanic,true,7,126
394811,12,Male,,Graduate,Non-Hispanic,true,1,66
394812,18,Male,,College,Non-Hispanic,true,39,205
394813,12,Female,,College,Non-Hispanic,true,2,38
394814,11,Male,,Graduate,Non-Hispanic,true,0,19
394815,11,Female,,Graduate,Non-Hispanic,true,0,31
394816,11,Female,,Graduate,Non-Hispanic,true,2,67
394817,12,Female,,Some College,Non-Hispanic,true,0,65
394818,12,Female,,Some College,Non-Hispanic,true,7,58
394819,11,Male,,Secondary,Non-Hispanic,true,0,23
394820,17,Male,,Secondary,Non-Hispanic,true,4,83
394821,18,Male,,Primary,Non-Hispanic,true,21,158
394822,11,Male,,Some Graduate,Non-Hispanic,true,0,133
394823,17,Male,,Some Graduate,Non-Hispanic,true,218,338
394824,18,Male,,Some College,Non-Hispanic,true,2,207
394825,17,Male,,College,Non-Hispanic,true,6,29
394826,17,Male,,Graduate,Non-Hispanic,true,121,184
394827,18,Female,,Graduate,Non-Hispanic,true,22,280
394828,11,Male,,Graduate,Non-Hispanic,true,4,63
394829,18,Female,,Secondary,Non-Hispanic,true,53,308
394830,11,Female,,College,Non-Hispanic,true,6,33
394831,18,Male,,Graduate,Non-Hispanic,true,56,243
394832,12,Male,,Graduate,Non-Hispanic,true,1,37
394833,18,Male,,College,Non-Hispanic,true,1,69
394834,12,Male,,Graduate,Non-Hispanic,true,54,186
394835,18,Male,,College,Non-Hispanic,true,5,52
394836,12,Male,,College,Non-Hispanic,true,8,33
394837,18,Female,,Graduate,Non-Hispanic,true,266,351
394838,11,Male,,Some College,Non-Hispanic,true,8,70
394839,18,Male,,Some College,Non-Hispanic,true,119,249
394840,18,Female,,College,Non-Hispanic,true,38,137
394841,12,Male,,Graduate,Non-Hispanic,true,0,30
394842,18,Female,,Graduate,Non-Hispanic,true,109,306
394843,12,Female,,Graduate,Non-Hispanic,true,2,25
394844,11,Female,,Graduate,Non-Hispanic,true,3,76
394845,18,Male,,College,Hispanic,true,57,364
394846,11,Male,,College,Non-Hispanic,true,19,231
394847,18,Male,,Secondary,Non-Hispanic,true,85,236
394848,18,Female,,Graduate,Non-Hispanic,true,131,268
394849,18,Female,,Graduate,Non-Hispanic,true,162,314
394850,11,Male,,Graduate,Non-Hispanic,true,2,10
394851,12,Male,,Graduate,Non-Hispanic,true,59,140
394852,18,Male,,Graduate,Non-Hispanic,true,270,327
394853,11,Female,,Secondary,Non-Hispanic,true,4,87
394854,12,Female,,Some Graduate,Non-Hispanic,true,0,6
394855,18,Male,,Graduate,Non-Hispanic,true,98,307
394856,12,Female,,Graduate,Non-Hispanic,true,4,144
394857,17,Female,,College,Hispanic,true,140,299
394858,12,Male,,Graduate,Non-Hispanic,true,6,69
394859,17,Female,,College,Non-Hispanic,true,3,27
394860,17,Male,,Graduate,Non-Hispanic,true,70,251
394861,12,Male,,Graduate,Non-Hispanic,true,0,90
394862,12,Male,,Graduate,Non-Hispanic,true,2,220
394863,12,Male,,College,Non-Hispanic,true,8,50
394864,18,Male,,College,Non-Hispanic,true,77,207
394865,11,Male,,College,Non-Hispanic,true,0,11
394866,12,Female,,Graduate,Non-Hispanic,true,3,47
394867,18,Female,,Graduate,Non-Hispanic,true,43,231
394868,18,Female,,Graduate,Non-Hispanic,true,40,143
394869,12,Male,,College,Non-Hispanic,true,1,130
394870,18,Male,,College,Non-Hispanic,true,71,312
394871,17,Female,,College,Non-Hispanic,true,261,341
394872,12,Female,,Graduate,Non-Hispanic,true,13,82
394873,18,Female,,Graduate,Non-Hispanic,true,119,250
394874,12,Female,,Some College,Hispanic,true,7,43
394875,12,Female,,Graduate,Non-Hispanic,true,14,35
394876,12,Male,,College,Non-Hispanic,true,3,21
394877,18,Male,,College,Non-Hispanic,true,53,285
394878,12,Male,,Graduate,Non-Hispanic,true,2,45
394879,17,Female,,Graduate,Non-Hispanic,true,123,242
394880,17,Male,,Graduate,Non-Hispanic,true,170,268
394881,18,Male,,Graduate,Non-Hispanic,true,72,343
394882,18,Male,,Some College,Non-Hispanic,true,253,339
394883,12,Male,,Graduate,Non-Hispanic,true,9,98
394884,12,Male,,Graduate,Non-Hispanic,true,6,135
394885,18,Male,,Graduate,Non-Hispanic,true,36,122
394886,17,Male,,College,Non-Hispanic,true,11,149
394887,12,Female,,College,Non-Hispanic,true,12,46
394888,12,Male,,Graduate,Non-Hispanic,true,6,42
394889,12,Male,,College,Non-Hispanic,true,1,15
394890,18,Female,,Secondary,Non-Hispanic,true,24,115
394891,12,Male,,College,Non-Hispanic,true,2,87
394892,18,Male,,Graduate,Non-Hispanic,true,31,165
394893,18,Male,,College,Non-Hispanic,true,157,316
394894,12,Male,,Secondary,Non-Hispanic,true,1,38
394895,18,Male,,Some Graduate,Non-Hispanic,true,24,129
394896,12,Female,,Graduate,Non-Hispanic,true,24,396
394897,18,Female,,Graduate,Non-Hispanic,true,111,394
394898,11,Female,,College,Non-Hispanic,true,4,114
394899,12,Male,,Graduate,Non-Hispanic,true,0,60
394900,12,Male,,College,Non-Hispanic,true,2,20
394901,12,Male,,College,Non-Hispanic,true,3,74
394902,18,Male,,Some College,Non-Hispanic,true,0,187
394903,12,Male,,College,Non-Hispanic,true,34,258
394904,12,Male,,College,Non-Hispanic,true,0,92
394905,12,Female,,Graduate,Non-Hispanic,true,5,31
394906,18,Female,,Graduate,Non-Hispanic,true,52,104
394907,12,Male,,Graduate,Non-Hispanic,true,2,27
394908,18,Male,,Graduate,Non-Hispanic,true,35,155
394909,18,Female,,College,Non-Hispanic,true,73,254
394910,18,Female,,Graduate,Non-Hispanic,true,14,74
394911,18,Male,,Graduate,Non-Hispanic,true,64,256
394912,12,Female,,Graduate,Non-Hispanic,true,4,37
394913,18,Female,,Some Graduate,Non-Hispanic,true,126,185
394914,18,Female,,College,Non-Hispanic,true,20,210
394915,17,Female,,Graduate,Non-Hispanic,true,6,269
394916,18,Male,,Graduate,Non-Hispanic,true,120,329
394917,12,Female,,Graduate,Non-Hispanic,true,0,98
394918,18,Female,,Some Graduate,Non-Hispanic,true,52,264
394919,18,Male,,Graduate,Non-Hispanic,true,25,135
394920,18,Male,,Some Graduate,Non-Hispanic,true,200,293
394921,15,Female,,College,Non-Hispanic,true,7,84
394922,18,Female,,College,Non-Hispanic,true,19,138
394923,18,Male,,Some Graduate,Non-Hispanic,true,47,227
394924,12,Female,,Graduate,Non-Hispanic,true,5,50
394925,18,Female,,Graduate,Non-Hispanic,true,170,355
394926,12,Female,,Graduate,Non-Hispanic,true,3,109
394927,18,Male,,Some College,Non-Hispanic,true,270,351
394928,12,Male,,Some College,Non-Hispanic,true,11,97
394929,12,Female,,Secondary,Non-Hispanic,true,6,29
394930,18,Female,,Secondary,Non-Hispanic,true,46,179
394931,17,Female,,Graduate,Non-Hispanic,true,34,200
394932,18,Male,,Graduate,Non-Hispanic,true,226,354
394933,14,Female,,College,Non-Hispanic,true,4,58
394934,12,Female,,College,Non-Hispanic,true,7,72
394935,18,Female,,College,Non-Hispanic,true,31,208
394936,12,Male,,College,Non-Hispanic,true,3,67
394937,12,Female,,College,Non-Hispanic,true,5,49
394938,11,Male,,College,Non-Hispanic,true,1,64
394939,17,Male,,Some Graduate,Non-Hispanic,true,28,108
394940,12,Female,,College,Non-Hispanic,true,0,8
394941,18,Female,,College,Non-Hispanic,true,11,146
394942,18,Male,,Graduate,Non-Hispanic,true,8,118
394943,12,Male,,Some College,Non-Hispanic,true,1,14
394944,12,Female,,Graduate,Non-Hispanic,true,34,244
394945,17,Male,,Graduate,Non-Hispanic,true,10,74
394946,18,Male,,Graduate,Non-Hispanic,true,41,147
394947,12,Male,,Some Graduate,Non-Hispanic,true,1,18
394948,12,Male,,College,Non-Hispanic,true,1,49
394949,12,Male,,Graduate,Non-Hispanic,true,12,78
394950,17,Male,,Graduate,Non-Hispanic,true,54,192
394951,12,Male,,Graduate,Non-Hispanic,true,0,29
394952,18,Male,,Graduate,Non-Hispanic,true,33,82
394953,12,Female,,Graduate,Non-Hispanic,true,3,64
394954,17,Female,,Graduate,Non-Hispanic,true,28,211
394955,12,Male,,College,Non-Hispanic,true,3,28
394956,11,Male,,Graduate,Non-Hispanic,true,0,23
394957,18,Male,,Graduate,Non-Hispanic,true,141,272
394958,17,Male,,College,Non-Hispanic,true,35,140
394959,12,Male,,Some Graduate,Non-Hispanic,true,1,226
394960,17,Male,,Some Graduate,Non-Hispanic,true,194,368
394961,17,Male,,College,Non-Hispanic,true,322,330
394962,11,Female,,Graduate,Non-Hispanic,true,1,63
394963,17,Female,,Graduate,Non-Hispanic,true,43,207
394964,17,Female,,Some College,Non-Hispanic,true,113,282
394965,12,Male,,Some Graduate,Non-Hispanic,true,4,37
394966,17,Male,,Some Graduate,Non-Hispanic,true,95,293
394967,12,Male,,Graduate,Non-Hispanic,true,1,25
394968,12,Male,,Graduate,Non-Hispanic,true,0,26
394969,17,Male,,Some Graduate,Non-Hispanic,true,33,146
394970,11,Female,,Some College,Non-Hispanic,true,3,107
394971,17,Female,,Some College,Non-Hispanic,true,13,242
394972,12,Female,,Graduate,Non-Hispanic,true,0,43
394973,12,Female,,Graduate,Non-Hispanic,true,5,54
394974,18,Female,,Graduate,Non-Hispanic,true,171,234
394975,11,Female,,Graduate,Non-Hispanic,true,8,203
394976,18,Female,,Graduate,Non-Hispanic,true,114,303
394977,12,Male,,Some Graduate,Non-Hispanic,true,0,85
394978,12,Male,,Graduate,Non-Hispanic,true,14,126
394979,18,Female,,Some Graduate,Non-Hispanic,true,58,243
394980,12,Male,,Graduate,Non-Hispanic,true,5,90
394981,12,Female,,College,Non-Hispanic,true,1,65
394982,12,Male,,Graduate,Non-Hispanic,true,9,89
394983,17,Male,,Some Graduate,Non-Hispanic,true,33,239
394984,12,Male,,Graduate,Non-Hispanic,true,0,30
394985,12,Male,,Graduate,Non-Hispanic,true,1,39
394986,11,Male,,College,Non-Hispanic,true,2,39
394987,18,Male,,College,Non-Hispanic,true,12,105
394988,17,Male,,College,Non-Hispanic,true,63,189
394989,17,Male,,Graduate,Non-Hispanic,true,285,357
394990,12,Male,,Graduate,Non-Hispanic,true,3,26
394991,17,Male,,Graduate,Non-Hispanic,true,33,223
394992,12,Male,,Secondary,Non-Hispanic,true,0,46
394993,18,Male,,Secondary,Non-Hispanic,true,30,165
394994,18,Male,,Some Graduate,Non-Hispanic,true,44,64
394995,17,Male,,Some Graduate,Non-Hispanic,true,20,234
394996,18,Male,,Graduate,Non-Hispanic,true,122,287
394997,12,Male,,Graduate,Non-Hispanic,true,2,27
394998,11,Female,,College,Non-Hispanic,true,3,95
394999,12,Female,,Graduate,Non-Hispanic,true,5,150
395000,12,Female,,College,Hispanic,true,30,394
395001,11,Male,,College,Non-Hispanic,true,1,50
395002,11,Male,,Graduate,Non-Hispanic,true,3,46
395003,17,Male,,Graduate,Non-Hispanic,true,18,145
395004,17,Female,,Graduate,Non-Hispanic,true,106,274
395005,11,Male,,Some Graduate,Non-Hispanic,true,20,166
395006,18,Male,,Graduate,Non-Hispanic,true,128,284
395007,11,Female,,Some Graduate,Non-Hispanic,true,0,35
395008,11,Female,,Some Graduate,Non-Hispanic,true,9,83
395009,12,Male,,Graduate,Non-Hispanic,true,0,62
395010,18,Female,,College,Non-Hispanic,true,0,129
395011,11,Female,,Graduate,Non-Hispanic,true,4,18
395012,17,Female,,Graduate,Non-Hispanic,true,8,160
395013,17,Female,,College,Non-Hispanic,true,50,183
395014,11,Female,,College,Non-Hispanic,true,4,38
395015,17,Female,,Some Graduate,Non-Hispanic,true,115,231
395016,12,Male,,College,Non-Hispanic,true,6,76
395017,12,Male,,Secondary,Non-Hispanic,true,144,396
395018,12,Male,,College,Non-Hispanic,true,2,202
395019,11,Male,,College,Non-Hispanic,true,2,31
395020,12,Male,,Graduate,Non-Hispanic,true,10,55
395021,18,Male,,Graduate,Non-Hispanic,true,115,234
395022,12,Male,,Graduate,Non-Hispanic,true,16,123
395023,17,Male,,Graduate,Non-Hispanic,true,23,203
395024,15,Male,,College,Non-Hispanic,true,9,38
395025,15,Female,,Graduate,Non-Hispanic,true,12,116
395026,18,Female,,Graduate,Non-Hispanic,true,19,208
395027,11,Female,,Some Graduate,Non-Hispanic,true,12,149
395028,18,Female,,College,Non-Hispanic,true,152,324
395029,12,Male,,Graduate,Non-Hispanic,true,3,45
395030,17,Male,,Graduate,Non-Hispanic,true,109,230
395031,11,Male,,Graduate,Non-Hispanic,true,0,32
395032,17,Male,,Graduate,Non-Hispanic,true,14,117
395033,17,Male,,Some College,Non-Hispanic,true,3,55
395034,12,Male,,Graduate,Non-Hispanic,true,5,90
395035,17,Male,,Graduate,Non-Hispanic,true,19,224
395036,12,Female,,Some Graduate,Non-Hispanic,true,4,38
395037,17,Female,,Some Graduate,Non-Hispanic,true,10,107
395038,18,Male,,College,Non-Hispanic,true,46,205
395039,12,Female,,Some College,Non-Hispanic,true,14,125
395040,18,Female,,Some College,Non-Hispanic,true,71,321
395041,12,Male,,Some College,Non-Hispanic,true,6,12
395042,17,Male,,Some College,Non-Hispanic,true,34,125
395043,11,Male,,Secondary,Non-Hispanic,true,1,115
395044,17,Male,,Some College,Non-Hispanic,true,26,329
395045,12,Male,,College,Non-Hispanic,true,5,37
395046,18,Male,,College,Non-Hispanic,true,43,146
395047,18,Female,,Graduate,Non-Hispanic,true,88,260
395048,12,Male,,Some College,Non-Hispanic,true,5,41
395049,18,Male,,College,Non-Hispanic,true,49,221
395050,17,Male,,Some College,Non-Hispanic,true,26,187
395051,18,Male,,Graduate,Non-Hispanic,true,9,288
395052,12,Male,,College,Non-Hispanic,true,10,34
395053,12,Female,,Some College,Non-Hispanic,true,12,37
395054,18,Male,,Some College,Hispanic,true,23,152
395055,11,Male,,Graduate,Non-Hispanic,true,7,117
395056,17,Male,,Graduate,Non-Hispanic,true,15,238
395057,17,Male,,Graduate,Non-Hispanic,true,27,193
395058,17,Female,,College,Non-Hispanic,true,52,152
395059,18,Female,,Secondary,Non-Hispanic,true,61,172
395060,12,Female,,Graduate,Non-Hispanic,true,14,122
395061,17,Female,,Graduate,Non-Hispanic,true,180,313
395062,18,Female,,College,Non-Hispanic,true,200,318
395063,12,Male,,Graduate,Non-Hispanic,true,1,44
395064,11,Female,,College,Non-Hispanic,true,19,124
395065,18,Female,,Graduate,Non-Hispanic,true,87,300
395066,18,Female,,Some Graduate,Non-Hispanic,true,14,125
395067,17,Male,,Graduate,Non-Hispanic,true,124,268
395068,12,Male,,Graduate,Non-Hispanic,true,14,37
395069,12,Female,,Graduate,Non-Hispanic,true,31,110
395070,12,Female,,College,Non-Hispanic,true,3,38
395071,17,Female,,College,Non-Hispanic,true,32,184
395072,11,Female,,College,Non-Hispanic,true,4,66
395073,17,Female,,Graduate,Non-Hispanic,true,85,192
395074,12,Female,,Graduate,Non-Hispanic,true,15,131
395075,12,Male,,Graduate,Non-Hispanic,true,0,44
395076,11,Female,,College,Non-Hispanic,true,9,46
395077,11,Male,,Secondary,Hispanic,true,0,68
395078,17,Male,,Some College,Hispanic,true,19,264
395079,12,Female,,Graduate,Non-Hispanic,true,4,57
395080,17,Female,,Graduate,Non-Hispanic,true,66,220
395081,12,Male,,College,Non-Hispanic,true,2,139
395082,17,Female,,College,Non-Hispanic,true,40,190
395083,12,Male,,Graduate,Non-Hispanic,true,1,37
395084,12,Female,,College,Non-Hispanic,true,12,113
395085,18,Male,,Graduate,Non-Hispanic,true,5,341
395086,17,Female,,Graduate,Non-Hispanic,true,208,328
395087,12,Male,,College,Hispanic,true,2,246
395088,12,Female,,College,Non-Hispanic,true,7,86
395089,12,Female,,Graduate,Non-Hispanic,true,19,70
395090,12,Female,,Graduate,Non-Hispanic,true,0,142
395091,17,Female,,Graduate,Non-Hispanic,true,49,265
395092,12,Female,,Some College,Non-Hispanic,true,3,21
395093,17,Male,,Graduate,Non-Hispanic,true,82,215
395094,12,Male,,College,Non-Hispanic,true,5,63
395095,17,Male,,Some Graduate,Non-Hispanic,true,37,146
395096,11,Male,,College,Non-Hispanic,true,6,53
395097,12,Female,,College,Non-Hispanic,true,10,44
395098,11,Female,,College,Hispanic,true,13,134
395099,12,Male,,College,Non-Hispanic,true,4,117
395100,17,Male,,College,Non-Hispanic,true,25,323
395101,11,Female,,Graduate,Non-Hispanic,true,26,258
395102,17,Female,,Graduate,Non-Hispanic,true,165,345
395103,11,Male,,Graduate,Non-Hispanic,true,1,98
395104,11,Male,,Secondary,Non-Hispanic,true,0,36
395105,11,Male,,Graduate,Non-Hispanic,true,1,99
395106,11,Male,,Graduate,Non-Hispanic,true,3,40
395107,12,Male,,Graduate,Non-Hispanic,true,0,38
395108,11,Male,,College,Non-Hispanic,true,0,16
395109,12,Female,,Graduate,Non-Hispanic,true,29,128
395110,17,Female,,Graduate,Non-Hispanic,true,129,282
395111,18,Male,,Graduate,Non-Hispanic,true,1,157
395112,18,Female,,College,Non-Hispanic,true,355,393
395113,12,Female,,Graduate,Non-Hispanic,true,3,42
395114,18,Female,,Graduate,Non-Hispanic,true,50,298
395115,17,Female,,College,Non-Hispanic,true,77,373
395116,18,Female,,Graduate,Non-Hispanic,true,33,167
395117,11,Male,,Graduate,Hispanic,true,3,21
395118,17,Male,,Graduate,Hispanic,true,52,135
395119,11,Female,,College,Non-Hispanic,true,5,18
395120,12,Male,,College,Non-Hispanic,true,5,17
395121,17,Male,,Some College,Non-Hispanic,true,57,96
395122,12,Female,,College,Non-Hispanic,true,6,33
395123,12,Male,,Graduate,Non-Hispanic,true,1,35
395124,18,Male,,Graduate,Non-Hispanic,true,17,104
395125,12,Female,,College,Non-Hispanic,true,3,55
395126,18,Male,,College,Non-Hispanic,true,9,123
395127,17,Female,,College,Non-Hispanic,true,4,191
395128,12,Male,,College,Non-Hispanic,true,2,97
395129,12,Male,,College,Non-Hispanic,true,4,80
395130,12,Male,,Graduate,Non-Hispanic,true,2,35
395131,12,Female,,College,Non-Hispanic,true,4,377
395132,12,Female,,College,Non-Hispanic,true,2,83
395133,12,Female,,College,Hispanic,true,1,40
395134,12,Male,,Graduate,Non-Hispanic,true,12,152
395135,11,Female,,Graduate,Non-Hispanic,true,3,21
395136,17,Male,,Graduate,Non-Hispanic,true,110,175
395137,18,Female,,Graduate,Non-Hispanic,true,0,259
395138,17,Male,,College,Non-Hispanic,true,12,240
395139,11,Female,,Graduate,Non-Hispanic,true,0,14
395140,18,Female,,College,Non-Hispanic,true,76,197
395141,12,Male,,College,Non-Hispanic,true,0,18
395142,18,Male,,College,Non-Hispanic,true,1,245
395143,12,Female,,Graduate,Non-Hispanic,true,5,101
395144,18,Female,,College,Non-Hispanic,true,146,312
395145,12,Female,,Graduate,Non-Hispanic,true,5,36
395146,18,Female,,Graduate,Non-Hispanic,true,75,303
395147,12,Male,,Graduate,Non-Hispanic,true,0,53
395148,12,Female,,Secondary,Non-Hispanic,true,5,39
395149,18,Male,,Graduate,Non-Hispanic,true,51,224
395150,17,Female,,Some College,Non-Hispanic,true,50,169
395151,11,Female,,Some College,Non-Hispanic,true,0,160
395152,17,Female,,Some College,Non-Hispanic,true,3,288
395153,12,Female,,Graduate,Non-Hispanic,true,0,27
395154,18,Female,,Graduate,Non-Hispanic,true,20,171
395155,12,Female,,College,Non-Hispanic,true,7,68
395156,11,Male,,College,Hispanic,true,3,49
395157,11,Male,,Graduate,Non-Hispanic,true,0,68
395158,18,Male,,Graduate,Non-Hispanic,true,34,210
395159,12,Female,,Graduate,Non-Hispanic,true,10,103
395160,17,Male,,College,Non-Hispanic,true,118,319
395161,18,Male,,Graduate,Non-Hispanic,true,68,150
395162,12,Male,,Graduate,Non-Hispanic,true,16,116
395163,17,Female,,Graduate,Non-Hispanic,true,58,227
395164,11,Male,,Graduate,Non-Hispanic,true,3,90
395165,18,Male,,Graduate,Non-Hispanic,true,12,270
395166,11,Male,,College,Non-Hispanic,true,5,58
395167,18,Male,,College,Non-Hispanic,true,43,139
395168,17,Female,,Some Graduate,Hispanic,true,86,219
395169,11,Male,,College,Non-Hispanic,true,0,16
395170,18,Male,,College,Non-Hispanic,true,0,80
395171,11,Female,,Graduate,Non-Hispanic,true,2,134
395172,17,Female,,Graduate,Non-Hispanic,true,163,244
395173,12,Female,,Graduate,Non-Hispanic,true,0,16
395174,12,Male,,Graduate,Non-Hispanic,true,9,97
395175,11,Male,,College,Non-Hispanic,true,9,43
395176,18,Male,,College,Non-Hispanic,true,39,206
395177,11,Male,,Graduate,Non-Hispanic,true,1,18
395178,17,Male,,College,Non-Hispanic,true,14,120
395179,12,Female,,Graduate,Non-Hispanic,true,22,39
395180,12,Male,,College,Non-Hispanic,true,10,53
395181,18,Male,,College,Non-Hispanic,true,190,266
395182,12,Female,,Some Graduate,Non-Hispanic,true,3,59
395183,18,Female,,Some Graduate,Non-Hispanic,true,285,339
395184,11,Female,,College,Non-Hispanic,true,0,67
395185,12,Female,,Some College,Non-Hispanic,true,1,176
395186,18,Female,,Some College,Non-Hispanic,true,2,352
395187,12,Female,,Some College,Non-Hispanic,true,12,48
395188,12,Female,,Some College,Non-Hispanic,true,3,17
395189,17,Female,,Some College,Non-Hispanic,true,67,147
395190,11,Male,,Graduate,Non-Hispanic,true,0,145
395191,12,Female,,Graduate,Non-Hispanic,true,0,60
395192,17,Female,,Graduate,Non-Hispanic,true,31,175
395193,11,Female,,Graduate,Non-Hispanic,true,14,117
395194,17,Female,,Graduate,Non-Hispanic,true,140,216
395195,18,Female,,Graduate,Non-Hispanic,true,113,198
395196,11,Male,,College,Non-Hispanic,true,11,93
395197,18,Male,,College,Non-Hispanic,true,92,281
395198,11,Female,,Graduate,Non-Hispanic,true,14,63
395199,18,Female,,Graduate,Non-Hispanic,true,163,240
395200,11,Female,,Graduate,Non-Hispanic,true,12,89
395201,17,Female,,Graduate,Non-Hispanic,true,56,309
395202,11,Male,,Graduate,Non-Hispanic,true,4,119
395203,17,Male,,Graduate,Non-Hispanic,true,18,266
395204,12,Female,,College,Non-Hispanic,true,0,59
395205,18,Female,,Some Graduate,Non-Hispanic,true,75,211
395206,11,Female,,College,Non-Hispanic,true,0,82
395207,12,Female,,Graduate,Non-Hispanic,true,10,87
395208,18,Female,,Graduate,Non-Hispanic,true,121,297
395209,18,Female,,College,Non-Hispanic,true,237,381
395210,17,Male,,Graduate,Non-Hispanic,true,87,187
395211,12,Female,,College,Hispanic,true,1,38
395212,12,Male,,Graduate,Non-Hispanic,true,11,56
395213,17,Male,,Graduate,Non-Hispanic,true,18,97
395214,18,Male,,Graduate,Non-Hispanic,true,84,282
395215,12,Female,,Graduate,Non-Hispanic,true,28,108
395216,17,Female,,Graduate,Non-Hispanic,true,252,317
395217,18,Female,,Graduate,Non-Hispanic,true,70,182
395218,11,Female,,Graduate,Non-Hispanic,true,4,34
395219,17,Male,,Secondary,Non-Hispanic,true,13,136
395220,12,Female,,Graduate,Non-Hispanic,true,5,59
395221,17,Male,,College,Non-Hispanic,true,55,296
395222,11,Male,,College,Non-Hispanic,true,0,132
395223,11,Female,,College,Non-Hispanic,true,7,94
395224,17,Female,,College,Non-Hispanic,true,31,218
395225,12,Male,,Some Graduate,Non-Hispanic,true,2,364
395226,11,Male,,Some Graduate,Non-Hispanic,true,31,115
395227,18,Male,,Some Graduate,Non-Hispanic,true,213,258
395228,12,Male,,Graduate,Non-Hispanic,true,8,94
395229,18,Male,,Graduate,Non-Hispanic,true,37,326
395230,17,Female,,College,Non-Hispanic,true,33,198
395231,12,Female,,College,Non-Hispanic,true,3,27
395232,12,Male,,College,Non-Hispanic,true,2,32
395233,17,Male,,College,Non-Hispanic,true,32,150
395234,11,Female,,College,Non-Hispanic,true,16,158
395235,18,Female,,College,Non-Hispanic,true,142,273
395236,12,Male,,Graduate,Non-Hispanic,true,3,4
395237,12,Female,,College,Non-Hispanic,true,1,30
395238,11,Male,,College,Non-Hispanic,true,0,9
395239,11,Male,,Some College,Non-Hispanic,true,1,4
395240,11,Male,,Graduate,Non-Hispanic,true,1,129
395241,18,Male,,Graduate,Non-Hispanic,true,39,282
395242,12,Male,,College,Non-Hispanic,true,0,10
395243,11,Male,,Some Graduate,Non-Hispanic,true,1,50
395244,18,Male,,Some Graduate,Non-Hispanic,true,7,171
395245,11,Male,,College,Hispanic,true,0,24
395246,12,Male,,Graduate,Non-Hispanic,true,2,34
395247,13,Male,,College,Non-Hispanic,true,4,93
395248,12,Male,,Graduate,Non-Hispanic,true,5,25
395249,13,Female,,College,Non-Hispanic,true,6,214
395250,12,Female,,Graduate,Non-Hispanic,true,15,69
395251,18,Male,,College,Non-Hispanic,true,48,119
395252,18,Female,,Some Graduate,Non-Hispanic,true,1,34
395253,12,Female,,Graduate,Non-Hispanic,true,6,79
395254,12,Male,,Some Graduate,Non-Hispanic,true,0,8
395255,12,Male,,Graduate,Non-Hispanic,true,0,46
395256,12,Male,,Graduate,Non-Hispanic,true,8,96
395257,12,Female,,Some Graduate,Non-Hispanic,true,5,256
395258,11,Female,,College,Non-Hispanic,true,5,147
395259,15,Male,,Some College,Non-Hispanic,true,21,207
395260,15,Male,,Graduate,Non-Hispanic,true,11,76
395261,15,Male,,Graduate,Non-Hispanic,true,54,212
395262,17,Male,,Some College,Non-Hispanic,true,20,65
395263,17,Male,,Graduate,Hispanic,true,17,238
395264,17,Male,,College,Non-Hispanic,true,86,392
395265,16,Female,,Graduate,Non-Hispanic,true,3,111
395266,17,Female,,Graduate,Non-Hispanic,true,12,90
395267,16,Male,,Graduate,Non-Hispanic,true,11,236
395268,16,Male,,College,Non-Hispanic,true,49,216
395269,17,Male,,Graduate,Non-Hispanic,true,44,240
395270,16,Male,,College,Non-Hispanic,true,10,229
395271,16,Male,,Graduate,Non-Hispanic,true,17,188
395272,16,Male,,Some College,Non-Hispanic,true,8,93
395273,15,Female,,Some College,Hispanic,true,25,153
395274,14,Female,,Graduate,Non-Hispanic,true,0,35
395275,15,Male,,Graduate,Non-Hispanic,true,15,207
395276,15,Female,,College,Non-Hispanic,true,21,68
395277,14,Female,,College,Non-Hispanic,true,26,166
395278,15,Female,,Some College,Non-Hispanic,true,23,109
395279,15,Male,,Graduate,Non-Hispanic,true,18,180
395280,14,Female,,Some College,Non-Hispanic,true,0,80
395281,15,Male,,Graduate,Non-Hispanic,true,21,156
395282,14,Female,,College,Non-Hispanic,true,1,70
395283,15,Female,,Graduate,Non-Hispanic,true,24,59
395284,14,Female,,Graduate,Non-Hispanic,true,134,240
395285,13,Male,,Graduate,Non-Hispanic,true,10,157
395286,14,Male,,College,Non-Hispanic,true,0,24
395287,15,Female,,Graduate,Non-Hispanic,true,13,148
395288,13,Male,,Graduate,Non-Hispanic,true,1,31
395289,14,Female,,College,Non-Hispanic,true,0,8
395290,15,Male,,Graduate,Non-Hispanic,true,25,165
395291,15,Female,,Graduate,Non-Hispanic,true,8,88
395292,14,Female,,College,Non-Hispanic,true,11,157
395293,15,Male,,College,Non-Hispanic,true,8,141
395294,14,Female,,Graduate,Non-Hispanic,true,58,136
395295,14,Male,,Graduate,Non-Hispanic,true,11,105
395296,14,Male,,Graduate,Non-Hispanic,true,6,64
395297,14,Female,,Graduate,Non-Hispanic,true,3,35
395298,15,Male,,Some College,Non-Hispanic,true,0,48
395299,15,Female,,Secondary,Non-Hispanic,true,46,186
395300,13,Female,,Graduate,Hispanic,true,12,75
395301,15,Male,,Graduate,Non-Hispanic,true,64,140
395302,15,Female,,Graduate,Non-Hispanic,true,5,27
395303,15,Male,,Some College,Non-Hispanic,true,21,396
395304,15,Female,,Graduate,Non-Hispanic,true,53,267
395305,15,Male,,College,Non-Hispanic,true,12,121
395306,14,Female,,Some College,Non-Hispanic,true,5,174
395307,14,Male,,College,Non-Hispanic,true,0,119
395308,15,Male,,Some College,Non-Hispanic,true,93,396
395309,14,Male,,Graduate,Hispanic,true,2,105
395310,14,Female,,Some Graduate,Non-Hispanic,true,19,268
395311,14,Male,,Graduate,Non-Hispanic,true,43,204
395312,15,Male,,Graduate,Non-Hispanic,true,26,103
395313,14,Female,,Graduate,Non-Hispanic,true,0,45
395314,13,Female,,,,false,6,105
395315,13,Female,,,,false,19,171
395316,13,Male,,,,false,17,57
395317,13,Female,,,,false,23,119
395318,13,Male,,,,false,2,8
395319,13,Female,,,,false,1,4
395320,13,Female,,,,false,22,264
395321,13,Male,,,,false,5,42
395322,13,Male,,,,false,6,147
395323,13,Male,,,,false,15,166
395324,13,Female,,,,false,18,128
395325,13,Female,,,,false,17,126
395326,13,Male,,,,false,1,90
395327,13,Female,,,,false,45,157
395328,13,Female,,,,false,27,146
395329,13,Female,,,,false,4,277
395330,13,Female,,,,false,5,248
395331,13,Male,,,,false,8,82
395332,13,Male,,,,false,14,107
395333,13,Female,,,,false,5,55
395334,13,Male,,,,false,3,104
395335,13,Male,,,,false,37,172
395336,13,Male,,,,false,4,236
395337,13,Female,,,,false,13,189
395338,13,Female,,,,false,10,86
395339,13,Female,,,,false,7,63
395340,13,Female,,,,false,0,60
395341,13,Male,,,,false,0,98
395342,13,Male,,,,false,3,48
395343,13,Female,,,,false,16,127
395344,13,Female,,,,false,3,49
395345,13,Male,,,,false,17,172
395346,13,Female,,,,false,14,120
395347,13,Male,,,,false,0,16
395348,13,Male,,,,false,0,15
395349,13,Male,,,,false,16,143
395350,13,Male,,,,false,9,82
395351,13,Female,,,,false,40,164
395352,13,Female,,,,false,2,42
395353,13,Male,,,,false,27,235
395354,13,Female,,,,false,31,179
395355,13,Male,,,,false,15,108
395356,13,Male,,,,false,7,333
395357,13,Male,,,,false,3,90
395358,13,Female,,,,false,11,56
395359,13,Female,,,,false,18,158
395360,13,Female,,,,false,2,12
395361,14,Male,,,,false,4,32
395362,13,Male,,,,false,313,390
395363,13,Female,,,,false,3,111
395364,13,Male,,,,false,8,65
395365,13,Male,,,,false,22,49
395366,13,Male,,,,false,9,75
395367,13,Male,,,,false,3,35
395368,13,Female,,,,false,7,96
395369,13,Female,,,,false,36,258
395370,13,Male,,,,false,12,85
395371,13,Male,,,,false,7,168
395372,13,Male,,,,false,0,118
395373,13,Male,,,,false,3,81
395374,13,Female,,,,false,13,181
395375,13,Female,,,,false,12,131
395376,13,Female,,,,false,6,98
395377,13,Male,,,,false,14,312
395378,13,Male,,,,false,18,177
395379,14,Female,,,,false,4,85
395380,13,Female,,,,false,16,275
395381,13,Male,,,,false,14,40
395382,13,Male,,,,false,17,54
395383,13,Female,,,,false,0,26
395384,13,Male,,,,false,9,94
395385,13,Female,,,,false,31,93
395386,13,Male,,,,false,63,110
395387,13,Male,,,,false,3,71
395388,13,Male,,,,false,38,135
395389,13,Female,,,,false,10,119
395390,13,Male,,,,false,0,27
395391,13,Female,,,,false,2,171
395392,13,Male,,,,false,10,156
395393,13,Female,,,,false,32,93
395394,13,Female,,,,false,19,229
395395,13,Female,,,,false,50,175
395396,13,Male,,,,false,5,65
395397,13,Male,,,,false,36,133
395398,13,Male,,,,false,12,83
395399,13,Female,,,,false,0,78
395400,13,Female,,,,false,0,101
395401,13,Female,,,,false,118,240
395402,13,Female,,,,false,0,143
395403,13,Female,,,,false,22,119
395404,13,Female,,,,false,13,76
395405,13,Female,,,,false,0,258
395406,13,Male,,,,false,3,72
395407,13,Female,,,,false,7,48
395408,13,Male,,,,false,19,167
395409,13,Female,,,,false,23,94
395410,13,Male,,,,false,44,201
395411,13,Female,,,,false,23,293
395412,13,Male,,,,false,4,46
395413,13,Female,,,,false,1,160
395414,13,Male,,,,false,11,188
395415,13,Female,,,,false,15,213
395416,13,Male,,,,false,16,35
395417,13,Male,,,,false,1,71
395418,13,Female,,,,false,0,208
395419,13,Female,,,,false,7,93
395420,13,Female,,,,false,11,247
395421,13,Female,,,,false,53,255
395422,13,Male,,,,false,3,85
395423,13,Female,,,,false,56,215
395424,13,Female,,,,false,18,112
395425,13,Female,,,,false,44,199
395426,13,Male,,,,false,3,25
395427,13,Female,,,,false,3,12
395428,13,Female,,,,false,8,109
395429,13,Female,,,,false,16,119
395430,13,Female,,,,false,13,64
395431,13,Male,,,,false,4,205
395432,13,Male,,,,false,55,237
395433,13,Male,,,,false,8,57
395434,13,Female,,,,false,7,33
395435,13,Male,,,,false,6,182
395436,13,Male,,,,false,5,148
395437,13,Male,,,,false,8,48
395438,13,Female,,,,false,3,22
395439,13,Male,,,,false,1,187
395440,13,Female,,,,false,3,126
395441,13,Male,,,,false,28,106
395442,13,Male,,,,false,11,90
395443,13,Male,,,,false,3,39
395444,13,Male,,,,false,19,73
395445,13,Female,,,,false,14,83
395446,13,Female,,,,false,4,35
395447,13,Female,,,,false,4,96
395448,13,Male,,,,false,4,22
395449,13,Female,,,,false,36,274
395450,13,Male,,,,false,20,128
395451,13,Female,,,,false,3,233
395452,13,Female,,,,false,4,126
395453,13,Female,,,,false,40,260
395454,13,Male,,,,false,7,54
395455,13,Male,,,,false,15,172
395456,13,Male,,,,false,8,86
395457,13,Male,,,,false,13,52
395458,14,Male,,,,false,1,239
395459,13,Male,,,,false,22,76
395460,13,Male,,,,false,15,91
395461,13,Male,,,,false,0,63
395462,13,Male,,,,false,15,58
395463,13,Male,,,,false,16,272
395464,13,Female,,,,false,5,64
395465,13,Female,,,,false,11,34
395466,13,Male,,,,false,1,45
395467,13,Male,,,,false,12,173
395468,13,Female,,,,false,10,35
395469,13,Female,,,,false,14,227
395470,13,Male,,,,false,22,154
395471,13,Female,,,,false,1,48
395472,13,Male,,,,false,28,249
395473,13,Male,,,,false,19,151
395474,13,Female,,,,false,16,156
395475,13,Female,,,,false,9,269
395476,13,Female,,,,false,35,142
395477,13,Male,,,,false,0,84
395478,13,Female,,,,false,6,114
395479,13,Male,,,,false,5,146
395480,13,Female,,,,false,6,100
395481,14,Female,,,,false,10,160
395482,13,Male,,,,false,4,17
395483,13,Female,,,,false,1,17
395484,13,Female,,,,false,8,103
395485,13,Male,,,,false,1,115
395486,13,Female,,,,false,14,57
395487,13,Male,,,,false,11,82
395488,13,Female,,,,false,6,43
395489,13,Male,,,,false,15,110
395490,13,Female,,,,false,16,138
395491,13,Male,,,,false,12,188
395492,13,Male,,,,false,1,28
395493,13,Female,,,,false,6,28
395494,13,Female,,,,false,41,289
395495,13,Male,,,,false,19,135
395496,13,Female,,,,false,84,208
395497,13,Female,,,,false,16,29
395498,13,Female,,,,false,10,193
395499,13,Female,,,,false,5,199
395500,13,Male,,,,false,12,227
395501,13,Male,,,,false,28,109
395502,13,Male,,,,false,4,55
395503,13,Female,,,,false,35,177
395504,13,Female,,,,false,15,263
395505,13,Female,,,,false,31,93
395506,13,Female,,,,false,14,61
395507,13,Male,,,,false,2,65
395508,13,Female,,,,false,24,88
395509,13,Male,,,,false,1,27
395510,13,Male,,,,false,2,128
395511,13,Female,,,,false,10,57
395512,13,Male,,,,false,31,91
395513,13,Female,,,,false,1,40
395514,13,Male,,,,false,13,80
395515,13,Male,,,,false,11,145
395516,13,Male,,,,false,24,318
395517,13,Female,,,,false,32,113
395518,13,Male,,,,false,6,87
395519,13,Female,,,,false,25,136
395520,13,Male,,,,false,28,215
395521,13,Female,,,,false,58,149
395522,13,Female,,,,false,7,51
395523,13,Female,,,,false,3,70
395524,13,Female,,,,false,33,205
395525,13,Male,,,,false,80,294
395526,13,Male,,,,false,114,220
395527,12,Male,,,,false,6,36
395528,13,Male,,,,false,4,36
395529,13,Male,,,,false,0,94
395530,13,Male,,,,false,30,104
395531,13,Female,,,,false,3,82
395532,14,Male,,,,false,48,278
395533,13,Male,,,,false,3,80
395534,13,Male,,,,false,5,62
395535,13,Female,,,,false,11,45
395536,13,Male,,,,false,3,26
395537,13,Male,,,,false,0,156
395538,13,Female,,,,false,2,80
395539,13,Male,,,,false,2,195
395540,13,Female,,,,false,55,210
395541,13,Female,,,,false,5,154
395542,13,Female,,,,false,17,180
395543,13,Male,,,,false,51,187
395544,13,Male,,,,false,18,153
395545,13,Male,,,,false,33,219
395546,13,Female,,,,false,12,146
395547,13,Male,,,,false,27,168
395548,13,Female,,,,false,36,146
395549,13,Female,,,,false,33,149
395550,13,Male,,,,false,57,160
395551,13,Male,,,,false,7,167
395552,13,Male,,,,false,0,4
395553,13,Male,,,,false,6,62
395554,13,Male,,,,false,4,49
395555,13,Male,,,,false,4,81
395556,13,Male,,,,false,12,84
395557,13,Female,,,,false,69,152
395558,13,Male,,,,false,12,275
395559,13,Male,,,,false,13,140
395560,13,Male,,,,false,4,138
395561,13,Male,,,,false,3,45
395562,13,Male,,,,false,8,53
395563,13,Female,,,,false,2,64
395564,13,Male,,,,false,10,59
395565,13,Female,,,,false,13,58
395566,13,Male,,,,false,1,23
395567,13,Female,,,,false,96,263
395568,13,Male,,,,false,11,95
395569,13,Male,,,,false,6,20
395570,13,Male,,,,false,13,120
395571,13,Female,,,,false,7,52
395572,13,Male,,,,false,10,136
395573,13,Female,,,,false,16,80
395574,13,Male,,,,false,3,105
395575,13,Female,,,,false,7,111
395576,13,Female,,,,false,36,147
395577,13,Male,,,,false,1,49
395578,13,Female,,,,false,25,166
395579,13,Female,,,,false,3,192
395580,13,Female,,,,false,15,177
395581,13,Male,,,,false,27,120
395582,13,Male,,,,false,42,210
395583,13,Female,,,,false,0,14
395584,13,Female,,,,false,10,145
395585,13,Male,,,,false,22,47
395586,13,Male,,,,false,1,30
395587,13,Female,,,,false,3,274
395588,13,Female,,,,false,3,108
395589,13,Male,,,,false,3,156
395590,13,Female,,,,false,21,64
395591,13,Male,,,,false,8,104
395592,13,Female,,,,false,12,42
395593,13,Female,,,,false,15,297
395594,13,Female,,,,false,36,112
395595,13,Female,,,,false,20,235
395596,13,Male,,,,false,7,118
395597,13,Female,,,,false,35,234
395598,13,Female,,,,false,45,206
395599,13,Female,,,,false,0,50
395600,13,Female,,,,false,1,151
395601,13,Male,,,,false,4,73
395602,13,Male,,,,false,7,154
395603,13,Male,,,,false,11,108
395604,13,Male,,,,false,10,92
395605,13,Male,,,,false,0,135
395606,13,Male,,,,false,22,52
395607,13,Female,,,,false,5,64
395608,13,Male,,,,false,4,93
395609,13,Male,,,,false,0,3
395610,13,Female,,,,false,1,18
395611,13,Female,,,,false,5,145
395612,13,Female,,,,false,164,247
395613,13,Male,,,,false,27,105
395614,13,Male,,,,false,7,34
395615,13,Female,,,,false,5,188
395616,13,Female,,,,false,23,266
395617,13,Male,,,,false,8,117
395618,13,Male,,,,false,19,76
395619,13,Male,,,,false,20,55
395620,13,Male,,,,false,27,147
395621,13,Male,,,,false,14,28
395622,13,Female,,,,false,34,136
395623,13,Male,,,,false,4,56
395624,13,Male,,,,false,20,127
395625,13,Female,,,,false,8,272
395626,13,Female,,,,false,12,53
395627,13,Female,,,,false,38,141
395628,13,Male,,,,false,12,137
395629,13,Male,,,,false,24,271
395630,13,Male,,,,false,5,186
395631,13,Male,,,,false,13,204
395632,13,Female,,,,false,15,305
395633,13,Male,,,,false,19,73
395634,13,Male,,,,false,0,87
395635,13,Female,,,,false,28,149
395636,13,Female,,,,false,14,173
395637,13,Male,,,,false,13,65
395638,13,Male,,,,false,13,160
395639,13,Male,,,,false,1,10
395640,13,Male,,,,false,4,39
395641,13,Female,,,,false,17,179
395642,13,Male,,,,false,20,71
395643,13,Female,,,,false,13,89
395644,13,Male,,,,false,13,84
395645,13,Male,,,,false,1,86
395646,13,Female,,,,false,34,101
395647,13,Female,,,,false,18,106
395648,13,Female,,,,false,14,20
395649,13,Female,,,,false,29,191
395650,13,Male,,,,false,16,131
395651,13,Male,,,,false,10,145
395652,13,Male,,,,false,4,128
395653,13,Male,,,,false,4,70
395654,13,Female,,,,false,19,104
395655,13,Male,,,,false,41,274
395656,13,Male,,,,false,5,75
395657,13,Male,,,,false,20,123
395658,13,Male,,,,false,0,23
395659,13,Male,,,,false,8,57
395660,13,Male,,,,false,38,239
395661,13,Female,,,,false,18,145
395662,13,Male,,,,false,28,120
395663,13,Female,,,,false,21,227
395664,13,Male,,,,false,7,86
395665,13,Male,,,,false,3,72
395666,13,Female,,,,false,49,219
395667,13,Female,,,,false,35,123
395668,13,Female,,,,false,28,199
395669,13,Male,,,,false,0,43
395670,13,Male,,,,false,19,118
395671,13,Male,,,,false,5,71
395672,13,Female,,,,false,3,59
395673,13,Male,,,,false,8,163
395674,13,Female,,,,false,12,34
395675,13,Female,,,,false,5,94
395676,13,Male,,,,false,4,113
395677,13,Female,,,,false,4,42
395678,13,Male,,,,false,17,141
395679,13,Female,,,,false,18,165
395680,13,Female,,,,false,22,89
395681,13,Male,,,,false,2,35
395682,13,Male,,,,false,9,220
395683,13,Male,,,,false,22,90
395684,13,Female,,,,false,34,186
395685,13,Female,,,,false,5,64
395686,13,Male,,,,false,24,142
395687,13,Male,,,,false,0,57
395688,13,Female,,,,false,17,195
395689,13,Male,,,,false,45,67
395690,13,Female,,,,false,12,103
395691,13,Female,,,,false,68,248
395692,13,Female,,,,false,26,153
395693,13,Female,,,,false,15,132
395694,13,Male,,,,false,10,105
395695,13,Male,,,,false,1,21
395696,13,Female,,,,false,16,116
395697,13,Female,,,,false,43,90
395698,13,Female,,,,false,7,61
395699,13,Female,,,,false,2,62
395700,13,Male,,,,false,7,149
395701,13,Male,,,,false,31,97
395702,13,Female,,,,false,5,100
395703,13,Male,,,,false,7,18
395704,13,Female,,,,false,2,30
395705,13,Male,,,,false,13,124
395706,13,Male,,,,false,5,141
395707,13,Male,,,,false,27,154
395708,13,Female,,,,false,0,11
395709,13,Male,,,,false,18,126
395710,13,Female,,,,false,4,263
395711,13,Female,,,,false,26,126
395712,13,Female,,,,false,22,49
395713,13,Male,,,,false,1,272
395714,13,Male,,,,false,18,234
395715,13,Male,,,,false,10,144
395716,13,Male,,,,false,28,257
395717,13,Female,,,,false,20,163
395718,13,Female,,,,false,7,34
395719,13,Male,,,,false,2,24
395720,13,Male,,,,false,9,233
395721,13,Male,,,,false,3,27
395722,13,Female,,,,false,4,141
395723,13,Male,,,,false,17,47
395724,13,Female,,,,false,17,96
395725,13,Male,,,,false,0,118
395726,13,Male,,,,false,8,107
395727,13,Female,,,,false,5,93
395728,13,Female,,,,false,22,151
395729,13,Female,,,,false,21,125
395730,13,Female,,,,false,0,58
395731,13,Female,,,,false,4,173
395732,13,Male,,,,false,3,63
395733,13,Male,,,,false,0,9
395734,13,Female,,,,false,14,96
395735,13,Female,,,,false,18,307
395736,13,Male,,,,false,31,97
395737,13,Female,,,,false,79,200
395738,13,Female,,,,false,9,60
395739,13,Male,,,,false,10,184
395740,13,Female,,,,false,43,279
395741,13,Female,,,,false,3,87
395742,13,Male,,,,false,5,51
395743,13,Male,,,,false,11,49
395744,13,Male,,,,false,22,182
395745,13,Female,,,,false,8,132
395746,13,Female,,,,false,23,126
395747,13,Male,,,,false,22,183
395748,13,Male,,,,false,5,141
395749,13,Male,,,,false,17,182
395750,13,Male,,,,false,12,169
395751,13,Male,,,,false,12,283
395752,13,Female,,,,false,2,118
395753,13,Female,,,,false,10,47
395754,13,Female,,,,false,8,199
395755,13,Male,,,,false,12,91
395756,13,Female,,,,false,9,140
395757,13,Male,,,,false,36,153
395758,13,Female,,,,false,24,289
395759,13,Male,,,,false,1,193
395760,13,Male,,,,false,19,124
395761,13,Female,,,,false,10,95
395762,13,Male,,,,false,2,76
395763,13,Male,,,,false,9,40
395764,13,Male,,,,false,5,43
395765,13,Female,,,,false,6,31
395766,13,Male,,,,false,1,11
395767,13,Male,,,,false,8,58
395768,13,Female,,,,false,8,23
395769,13,Male,,,,false,15,200
395770,13,Male,,,,false,5,29
395771,13,Female,,,,false,23,234
395772,13,Female,,,,false,9,62
395773,13,Female,,,,false,56,166
395774,13,Male,,,,false,3,48
395775,13,Male,,,,false,1,134
395776,13,Female,,,,false,12,39
395777,13,Female,,,,false,28,107
395778,13,Male,,,,false,3,31
395779,13,Female,,,,false,24,258
395780,13,Male,,,,false,19,143
395781,13,Male,,,,false,13,171
395782,13,Female,,,,false,14,151
395783,13,Male,,,,false,13,65
395784,13,Male,,,,false,5,109
395785,13,Female,,,,false,10,77
395786,13,Male,,,,false,26,179
395787,13,Male,,,,false,2,51
395788,13,Male,,,,false,19,103
395789,13,Male,,,,false,6,22
395790,13,Male,,,,false,11,99
395791,13,Male,,,,false,11,67
395792,13,Male,,,,false,23,217
395793,13,Female,,,,false,8,157
395794,13,Male,,,,false,4,150
395795,13,Female,,,,false,7,31
395796,13,Female,,,,false,3,42
395797,13,Female,,,,false,10,54
395798,13,Female,,,,false,2,76
395799,13,Female,,,,false,9,91
395800,13,Female,,,,false,34,146
395801,13,Male,,,,false,5,153
395802,13,Female,,,,false,4,22
395803,13,Female,,,,false,10,56
395804,13,Male,,,,false,30,186
395805,13,Male,,,,false,1,173
395806,13,Male,,,,false,8,55
395807,13,Female,,,,false,21,48
395808,13,Female,,,,false,5,50
395809,13,Female,,,,false,7,104
395810,13,Male,,,,false,11,95
395811,13,Female,,,,false,33,131
395812,13,Female,,,,false,8,92
395813,13,Female,,,,false,17,134
395814,13,Male,,,,false,13,51
395815,13,Female,,,,false,5,20
395816,13,Female,,,,false,0,86
395817,13,Female,,,,false,35,150
395818,13,Male,,,,false,10,126
395819,13,Female,,,,false,10,72
395820,13,Male,,,,false,9,234
395821,13,Male,,,,false,5,83
395822,13,Female,,,,false,32,142
395823,13,Male,,,,false,6,258
395824,13,Male,,,,false,7,247
395825,13,Female,,,,false,31,86
395826,13,Male,,,,false,23,88
395827,13,Female,,,,false,4,88
395828,13,Male,,,,false,28,70
395829,13,Male,,,,false,6,134
395830,13,Female,,,,false,25,213
395831,13,Male,,,,false,35,209
395832,13,Male,,,,false,50,254
395833,13,Male,,,,false,0,26
395834,13,Female,,,,false,1,26
395835,13,Female,,,,false,30,104
395836,13,Female,,,,false,9,85
395837,13,Male,,,,false,1,117
395838,13,Male,,,,false,2,104
395839,13,Female,,,,false,2,17
395840,13,Male,,,,false,4,9
395841,13,Male,,,,false,0,35
395842,13,Female,,,,false,17,82
395843,13,Female,,,,false,10,118
395844,13,Female,,,,false,42,217
395845,13,Male,,,,false,5,27
395846,13,Female,,,,false,21,104
395847,13,Male,,,,false,10,41
395848,13,Female,,,,false,3,27
395849,13,Female,,,,false,7,233
395850,13,Female,,,,false,5,72
395851,13,Male,,,,false,0,178
395852,13,Male,,,,false,13,97
395853,13,Male,,,,false,18,45
395854,13,Female,,,,false,14,132
395855,13,Female,,,,false,153,250
395856,13,Male,,,,false,5,94
395857,13,Male,,,,false,3,22
395858,13,Female,,,,false,21,182
395859,13,Female,,,,false,5,15
395860,13,Male,,,,false,14,127
395861,13,Female,,,,false,1,25
395862,13,Male,,,,false,22,234
395863,13,Male,,,,false,8,100
395864,13,Female,,,,false,187,392
395865,13,Female,,,,false,12,82
395866,13,Male,,,,false,9,19
395867,13,Female,,,,false,5,325
395868,13,Male,,,,false,4,27
395869,13,Male,,,,false,2,40
395870,13,Male,,,,false,15,38
395871,13,Male,,,,false,6,339
395872,13,Male,,,,false,1,55
395873,13,Female,,,,false,3,100
395874,13,Female,,,,false,4,51
395875,13,Male,,,,false,2,117
395876,13,Male,,,,false,29,74
395877,13,Male,,,,false,0,152
395878,13,Male,,,,false,15,101
395879,13,Male,,,,false,9,225
395880,13,Male,,,,false,5,62
395881,13,Female,,,,false,10,104
395882,13,Male,,,,false,0,59
395883,13,Female,,,,false,12,50
395884,13,Male,,,,false,2,56
395885,13,Male,,,,false,11,176
395886,13,Male,,,,false,17,52
395887,13,Male,,,,false,11,241
395888,13,Male,,,,false,3,59
395889,13,Female,,,,false,4,117
395890,13,Male,,,,false,3,104
395891,13,Male,,,,false,18,152
395892,13,Female,,,,false,6,177
395893,13,Female,,,,false,2,63
395894,13,Female,,,,false,26,245
395895,13,Male,,,,false,3,70
395896,13,Male,,,,false,14,156
395897,13,Female,,,,false,4,126
395898,13,Female,,,,false,12,108
395899,13,Male,,,,false,0,69
395900,14,Male,,,,false,3,97
395901,13,Female,,,,false,24,218
395902,13,Male,,,,false,16,204
395903,13,Male,,,,false,16,159
395904,13,Female,,,,false,11,83
395905,13,Male,,,,false,30,181
395906,13,Male,,,,false,10,52
395907,13,Female,,,,false,2,147
395908,13,Male,,,,false,9,232
395909,13,Female,,,,false,10,26
395910,13,Female,,,,false,1,40
395911,13,Male,,,,false,56,191
395912,13,Male,,,,false,52,162
395913,13,Male,,,,false,7,147
395914,13,Male,,,,false,26,131
395915,13,Male,,,,false,3,183
395916,13,Female,,,,false,5,54
395917,13,Female,,,,false,79,153
395918,13,Male,,,,false,4,194
395919,13,Female,,,,false,18,123
395920,13,Male,,,,false,3,134
395921,13,Male,,,,false,80,146
395922,13,Female,,,,false,15,81
395923,13,Male,,,,false,16,123
395924,13,Female,,,,false,24,203
395925,13,Female,,,,false,45,183
395926,13,Female,,,,false,18,196
395927,13,Male,,,,false,37,121
395928,13,Female,,,,false,6,96
395929,13,Male,,,,false,3,33
395930,13,Male,,,,false,13,138
395931,13,Female,,,,false,12,86
395932,13,Male,,,,false,10,107
395933,13,Female,,,,false,5,171
395934,13,Male,,,,false,2,66
395935,13,Male,,,,false,4,13
395936,13,Male,,,,false,2,21
395937,13,Male,,,,false,8,96
395938,13,Female,,,,false,23,156
395939,13,Female,,,,false,3,203
395940,13,Female,,,,false,2,64
395941,13,Female,,,,false,9,89
395942,13,Male,,,,false,29,153
395943,13,Female,,,,false,36,199
395944,13,Male,,,,false,19,98
395945,13,Female,,,,false,22,160
395946,13,Female,,,,false,61,216
395947,13,Male,,,,false,0,18
395948,13,Female,,,,false,14,155
395949,13,Male,,,,false,6,66
395950,13,Female,,,,false,46,173
395951,13,Female,,,,false,22,46
395952,13,Male,,,,false,0,171
395953,13,Female,,,,false,6,163
395954,13,Female,,,,false,15,73
395955,13,Male,,Some College,,false,1,91
395956,10,Female,,Graduate,,false,0,0
395957,14,Female,,Graduate,,false,9,123
395958,10,Male,,Some Graduate,,false,0,4
395959,15,Male,,Some Graduate,,false,10,45
395960,15,Female,,Some Graduate,,false,1,1
395961,10,Female,,Some College,,false,1,55
395962,14,Female,,Some Graduate,,false,14,291
395963,14,Male,,Some College,,false,14,126
395964,13,Male,,Graduate,,false,6,179
395965,10,Male,,Graduate,,false,1,15
395966,14,Male,,Graduate,,false,3,39
395967,15,Female,,Graduate,,false,4,27
395968,13,Male,,Some Graduate,,false,21,107
395969,14,Male,,Some Graduate,,false,24,178
395970,13,Male,,Some Graduate,,false,3,53
395971,14,Male,,Some Graduate,,false,4,32
395972,14,Male,,Some Graduate,,false,59,299
395973,10,Female,,Graduate,,false,0,1
395974,9,Male,,Some Graduate,,false,12,102
395975,15,Female,,Graduate,,false,30,162
395976,14,Female,,Secondary,,false,10,94
395977,14,Female,,Some Graduate,,false,20,104
395978,14,Male,,Graduate,,false,16,78
395979,13,Male,,College,,false,2,80
395980,15,Male,,Graduate,,false,34,220
395981,9,Male,,Graduate,,false,0,102
395982,14,Male,,Graduate,,false,0,8
395983,15,Female,,Some College,,false,7,115
395984,14,Male,,Some Graduate,,false,0,23
395985,14,Female,,Graduate,,false,3,23
395986,14,Female,,Graduate,,false,4,17
395987,13,Male,,College,,false,23,119
395988,14,Male,,Some Graduate,,false,18,104
395989,14,Female,,Graduate,,false,12,150
395990,14,Male,,Graduate,,false,15,92
395991,13,Male,,Graduate,,false,7,100
395992,13,Male,,College,,false,6,209
395993,13,Male,,College,,false,38,250
395994,14,Female,,Some Graduate,,false,43,151
395995,9,Male,,Some College,,false,0,8
395996,10,Female,,Some College,,false,1,6
395997,9,Female,,Some Graduate,,false,0,66
395998,14,Female,,Some Graduate,,false,0,171
395999,10,Male,,College,,false,0,11
396000,9,Male,,Some Graduate,,false,6,27
396001,14,Male,,Some Graduate,,false,14,100
396002,10,Male,,Graduate,,false,1,41
396003,9,Female,,Some College,,false,0,83
396004,10,Female,,Graduate,,false,3,10
396005,14,Female,,Graduate,,false,34,177
396006,9,Female,,Some Graduate,,false,4,23
396007,10,Female,,Graduate,,false,0,17
396008,10,Female,,Some Graduate,,false,6,37
396009,9,Female,,College,,false,6,114
396010,9,Male,,Some Graduate,,false,0,144
396011,9,Female,,Some Graduate,,false,0,20
396012,9,Female,,Graduate,,false,1,8
396013,9,Male,,Graduate,,false,3,57
396014,10,Male,,Some Graduate,,false,0,70
396015,14,Male,,Some Graduate,,false,0,183
396016,9,Female,,College,,false,2,29
396017,14,Female,,College,,false,62,295
396018,9,Female,,Graduate,,false,4,60
396019,13,Male,,Graduate,,false,1,24
396020,14,Male,,Some Graduate,,false,1,87
396021,14,Male,,,,false,13,79
396022,14,Male,,Some Graduate,,false,5,150
396023,14,Female,,Graduate,,false,23,259
396024,14,Female,,Some College,,false,51,243
396025,14,Male,,Some Graduate,,false,15,214
396026,14,Male,,Some College,,false,10,19
396027,13,Female,,Some College,,false,14,78
396028,14,Male,,Some Graduate,,false,27,188
396029,15,Male,,Some Graduate,,false,20,134
396030,14,Female,,Graduate,,false,12,80
396031,15,Female,,College,,false,29,239
396032,14,Female,,College,,false,8,20
396033,9,Female,,Some College,,false,5,39
396034,9,Female,,Some Graduate,,false,0,26
396035,15,Male,,Graduate,,false,13,19
396036,9,Female,,Some Graduate,,false,2,84
396037,9,Female,,,,false,2,74
396038,15,Female,,Some Graduate,,false,6,244
396039,9,Male,,Some College,,false,0,24
396040,9,Male,,College,,false,2,160
396041,9,Female,,Graduate,,false,0,6
396042,9,Female,,Graduate,,false,4,36
396043,14,Female,,Some Graduate,,false,22,125
396044,14,Male,,Some College,,false,6,72
396045,9,Male,,Secondary,,false,1,82
396046,9,Male,,Some College,,false,1,1
396047,9,Male,,Some Graduate,,false,0,49
396048,9,Male,,College,,false,0,81
396049,9,Female,,College,,false,1,32
396050,8,Female,,Some Graduate,,false,2,5
396051,9,Male,,Some College,,false,3,47
396052,9,Female,,College,,false,0,11
396053,14,Male,,Some College,,false,47,196
396054,14,Male,,Some Graduate,,false,31,101
396055,10,Male,,Some Graduate,,false,1,40
396056,13,Male,,Some Graduate,,false,76,197
396057,14,Female,,Some Graduate,,false,12,107
396058,14,Female,,Some College,,false,13,126
396059,14,Male,,Some Graduate,,false,4,57
396060,14,Male,,Some Graduate,,false,1,141
396061,14,Male,,College,,false,14,105
396062,14,Male,,Graduate,,false,4,88
396063,14,Female,,Secondary,,false,4,90
396064,14,Female,,College,,false,55,228
396065,14,Male,,Some College,,false,0,16
396066,14,Male,,Some College,,false,4,24
396067,14,Female,,Graduate,,false,29,111
396068,14,Female,,Some Graduate,,false,12,107
396069,14,Male,,Some College,,false,18,102
396070,12,Male,,Graduate,,false,1,10
396071,14,Male,,Some College,,false,9,46
396072,14,Female,,Some College,,false,0,89
396073,14,Male,,Some Graduate,,false,6,99
396074,14,Male,,Some College,,false,0,1
396075,14,Female,,Some College,,false,13,99
396076,13,Male,,Graduate,,false,6,27
396077,14,Male,,Graduate,,false,9,194
396078,14,Female,,Some Graduate,,false,12,91
396079,14,Male,,Some College,,false,8,102
396080,10,Male,,Graduate,,false,0,8
396081,10,Male,,Graduate,,false,2,20
396082,14,Female,,Some Graduate,,false,14,203
396083,14,Male,,Some College,,false,40,182
396084,14,Female,,Graduate,,false,6,89
396085,9,Male,,Graduate,,false,0,6
396086,12,Male,,Graduate,,false,11,28
396087,14,Female,,College,,false,50,226
396088,14,Male,,Some Graduate,,false,5,18
396089,14,Male,,Some College,,false,16,145
396090,9,Female,,Some College,,false,0,30
396091,9,Male,,Some Graduate,,false,0,21
396092,9,Female,,Some Graduate,,false,0,6
396093,14,Female,,Some Graduate,,false,1,16
396094,9,Male,,Some Graduate,,false,0,51
396095,13,Female,,Some Graduate,,false,11,264
396096,14,Female,,College,,false,38,191
396097,10,Female,,College,,false,3,27
396098,9,Male,,Some Graduate,,false,0,15
396099,13,Male,,Some Graduate,,false,5,39
396100,9,Male,,Some College,,false,1,61
396101,8,Female,,Graduate,,false,2,15
396102,11,Female,,Some Graduate,,false,1,54
396103,10,Male,,Graduate,,false,0,23
396104,14,Male,,Graduate,,false,5,113
396105,9,Male,,Graduate,,false,1,41
396106,10,Male,,Some Graduate,,false,0,88
396107,9,Female,,College,,false,8,59
396108,9,Male,,Some Graduate,,false,0,52
396109,14,Male,,Some Graduate,,false,3,108
396110,9,Male,,Some Graduate,,false,4,17
396111,10,Male,,Some Graduate,,false,0,4
396112,9,Male,,Some Graduate,,false,0,16
396113,9,Male,,Some Graduate,,false,0,32
396114,9,Female,,Some College,,false,2,52
396115,9,Female,,College,,false,2,95
396116,9,Male,,Some College,,false,0,44
396117,14,Male,,Some Graduate,,false,59,342
396118,10,Male,,Some Graduate,,false,1,64
396119,14,Male,,Graduate,,false,18,80
396120,14,Female,,Some College,,false,23,103
396121,14,Female,,Some College,,false,2,50
396122,14,Male,,Some College,,false,2,76
396123,14,Female,,Some Graduate,,false,4,89
396124,14,Female,,Some College,,false,0,0
396125,13,Female,,College,,false,7,231
396126,14,Female,,Some College,,false,15,240
396127,9,Male,,Some Graduate,,false,0,7
396128,13,Male,,Some Graduate,,false,9,51
396129,14,Male,,Graduate,,false,9,40
396130,9,Female,,Some Graduate,,false,1,20
396131,9,Male,,Some Graduate,,false,0,12
396132,9,Male,,Graduate,,false,0,78
396133,9,Female,,Some Graduate,,false,0,51
396134,14,Female,,Some Graduate,,false,43,188
396135,9,Male,,Some Graduate,,false,1,82
396136,9,Male,,Some Graduate,,false,0,2
396137,9,Female,,Graduate,,false,0,54
396138,14,Female,,Graduate,,false,35,186
396139,9,Female,,Graduate,,false,9,91
396140,9,Male,,Some Graduate,,false,0,44
396141,14,Male,,Some Graduate,,false,1,96
396142,9,Male,,Some College,,false,0,17
396143,9,Male,,Some College,,false,3,60
396144,9,Male,,College,,false,0,13
396145,9,Female,,Some College,,false,1,24
396146,9,Female,,Some College,,false,0,17
396147,9,Male,,Some Graduate,,false,1,36
396148,9,Female,,Some Graduate,,false,0,0
396149,13,Female,,Some Graduate,,false,2,18
396150,9,Male,,Graduate,,false,3,46
396151,12,Male,,Graduate,,false,16,121
396152,8,Female,,Some Graduate,,false,0,50
396153,12,Male,,Graduate,,false,2,15
396154,9,Female,,Graduate,,false,2,67
396155,15,Male,,Graduate,,false,62,194
396156,10,Male,,Some Graduate,,false,4,56
396157,13,Female,,,,false,17,128
396158,13,Female,,Some College,,false,3,86
396159,14,Male,,Some College,,false,0,3
396160,13,Female,,Some Graduate,,false,3,59
396161,9,Female,,Graduate,,false,0,19
396162,14,Female,,Graduate,,false,3,32
396163,14,Female,,Some Graduate,,false,2,147
396164,14,Male,,Some Graduate,,false,2,147
396165,14,Male,,Some Graduate,,false,2,147
396166,12,Male,,College,,false,0,4
396167,9,Male,,Graduate,,false,0,24
396168,9,Female,,Graduate,,false,0,20
396169,14,Female,,Graduate,,false,23,102
396170,10,Female,,Some Graduate,,false,7,77
396171,9,Male,,College,,false,3,37
396172,12,Male,,Graduate,,false,17,59
396173,9,Male,,Some Graduate,,false,34,335
396174,9,Female,,Graduate,,false,2,13
396175,14,Female,,Graduate,,false,46,221
396176,13,Female,,Graduate,,false,15,45
396177,8,Male,,Graduate,,false,1,15
396178,13,Female,,Some Graduate,,false,6,43
396179,13,Female,,Graduate,,false,3,45
396180,9,Female,,Some College,,false,0,0
396181,13,Female,,Some Graduate,,false,6,45
396182,13,Female,,Some College,,false,6,114
396183,14,Female,,Some Graduate,,false,6,85
396184,12,Female,,Graduate,,false,12,113
396185,12,Male,,Some Graduate,,false,4,14
396186,13,Male,,College,,false,8,88
396187,13,Male,,Some College,,false,28,91
396188,12,Male,,Graduate,,false,4,149
396189,14,Male,,Graduate,,false,5,138
396190,12,Female,,Graduate,,false,10,94
396191,14,Male,,Some College,,false,9,70
396192,14,Female,,Some Graduate,,false,4,126
396193,14,Female,,Graduate,,false,10,22
396194,14,Female,,Graduate,,false,2,173
396195,13,Male,,Graduate,,false,0,19
396196,9,Female,,Graduate,,false,0,29
396197,8,Female,,Some College,,false,0,50
396198,12,Female,,Graduate,,false,2,82
396199,12,Female,,Graduate,,false,3,91
396200,14,Male,,Graduate,,false,4,45
396201,12,Male,,Graduate,,false,5,27
396202,14,Female,,Graduate,,false,2,15
396203,12,Female,,Some Graduate,,false,27,140
396204,12,Female,,Graduate,,false,0,48
396205,14,Female,,Some Graduate,,false,1,138
396206,9,Male,,Some Graduate,,false,0,16
396207,13,Male,,Some College,,false,1,32
396208,12,Male,,College,,false,0,48
396209,13,Male,,Some Graduate,,false,1,38
396210,14,Female,,Some Graduate,,false,10,142
396211,9,Female,,Graduate,,false,3,26
396212,13,Male,,Some Graduate,,false,3,154
396213,12,Male,,Some Graduate,,false,1,16
396214,12,Male,,Some Graduate,,false,13,213
396215,12,Female,,Some College,,false,4,68
396216,12,Female,,Graduate,,false,2,115
396217,12,Male,,Some College,,false,1,197
396218,12,Male,,College,,false,2,24
396219,11,Male,,Some College,,false,0,118
396220,11,Female,,Some Graduate,,false,4,46
396221,8,Male,,Graduate,,false,0,60
396222,11,Male,,Some Graduate,,false,8,149
396223,8,Female,,Graduate,,false,0,4
396224,9,Male,,Some Graduate,,false,0,56
396225,8,Male,,Graduate,,false,0,68
396226,13,Male,,Some College,,false,1,20
396227,9,Female,,Some Graduate,,false,0,1
396228,9,Male,,Graduate,,false,1,25
396229,14,Female,,Graduate,,false,11,44
396230,12,Male,,College,,false,0,4
396231,12,Male,,College,,false,6,30
396232,12,Male,,Some Graduate,,false,0,63
396233,12,Female,,Some Graduate,,false,2,7
396234,9,Female,,Some Graduate,,false,3,3
396235,11,Female,,Some Graduate,,false,0,3
396236,13,Female,,Some College,,false,5,127
396237,12,Female,,Some Graduate,,false,0,32
396238,9,Female,,Some College,,false,3,74
396239,12,Female,,Some College,,false,34,170
396240,9,Male,,Some College,,false,0,56
396241,9,Female,,College,,false,0,79
396242,14,Female,,College,,false,5,140
396243,12,Male,,Secondary,,false,1,66
396244,9,Male,,Some Graduate,,false,5,44
396245,9,Female,,Graduate,,false,0,2
396246,14,Female,,Graduate,,false,5,34
396247,12,Male,,Some College,,false,0,7
396248,12,Female,,Some Graduate,,false,5,39
396249,13,Female,,College,,false,2,30
396250,14,Female,,Graduate,,false,0,250
396251,10,Male,,Graduate,,false,0,72
396252,12,Female,,Graduate,,false,1,18
396253,12,Male,,College,,false,1,109
396254,14,Male,,College,,false,5,134
396255,12,Female,,College,,false,2,86
396256,11,Male,,Some College,,false,2,44
396257,14,Male,,Some College,,false,4,34
396258,11,Male,,College,,false,1,50
396259,13,Male,,,,false,0,8
396260,13,Female,,Some Graduate,,false,8,230
396261,12,Male,,Some Graduate,,false,1,30
396262,13,Male,,Some College,,false,8,85
396263,12,Male,,Graduate,,false,3,12
396264,12,Male,,Some Graduate,,false,3,22
396265,13,Male,,Some Graduate,,false,2,73
396266,11,Male,,Graduate,,false,5,55
396267,11,Female,,Some College,,false,4,47
396268,12,Female,,Some College,,false,5,63
396269,10,Female,,Some Graduate,,false,4,33
396270,9,Female,,Graduate,,false,0,2
396271,14,Male,,Some College,,false,1,66
396272,14,Male,,Some Graduate,,false,5,159
396273,12,Male,,Graduate,,false,8,16
396274,9,Male,,Some Graduate,,false,0,8
396275,15,Female,,Some Graduate,,false,20,99
396276,15,Female,,Graduate,,false,21,146
396277,14,Male,,Some Graduate,,false,3,32
396278,14,Female,,Some College,,false,0,15
396279,15,Male,,Graduate,,false,6,179
396280,14,Female,,Graduate,,false,18,292
396281,14,Male,,Some College,,false,12,68
396282,14,Female,,Some Graduate,,false,2,30
396283,14,Male,,Some Graduate,,false,0,74
396284,9,Male,,Graduate,,false,0,92
396285,11,Male,,Graduate,,false,0,161
396286,13,Male,,Some College,,false,5,27
396287,11,Female,,Graduate,,false,1,34
396288,11,Male,,College,,false,1,81
396289,14,Female,,College,,false,5,97
396290,8,Male,,Some Graduate,,false,0,16
396291,9,Male,,Some College,,false,0,78
396292,9,Female,,Secondary,,false,0,22
396293,12,Female,,Secondary,,false,3,102
396294,14,Female,,Secondary,,false,1,203
396295,12,Female,,Some Graduate,,false,4,103
396296,9,Female,,Some Graduate,,false,2,87
396297,9,Male,,,,false,2,22
396298,8,Female,,Some Graduate,,false,0,67
396299,12,Female,,Graduate,,false,27,74
396300,12,Female,,Some College,,false,2,57
396301,14,Female,,Some College,,false,7,152
396302,9,Female,,Some College,,false,0,149
396303,12,Female,,Some College,,false,7,105
396304,8,Female,,Some Graduate,,false,0,74
396305,14,Female,,Graduate,,false,0,96
396306,12,Female,,Graduate,,false,0,33
396307,11,Male,,Some Graduate,,false,4,190
396308,15,Female,,Some Graduate,,false,36,211
396309,14,Female,,College,,false,15,106
396310,14,Female,,Some College,,false,2,118
396311,14,Female,,Some College,,false,112,359
396312,13,Male,,Some College,,false,5,53
396313,12,Female,,Graduate,,false,0,53
396314,12,Male,,Graduate,,false,5,75
396315,8,Male,,Some Graduate,,false,0,24
396316,13,Male,,Some Graduate,,false,8,177
396317,12,Female,,Graduate,,false,15,69
396318,9,Female,,Some Graduate,,false,0,146
396319,14,Female,,Some Graduate,,false,27,262
396320,9,Female,,Secondary,,false,4,120
396321,12,Female,,Secondary,,false,11,148
396322,13,Female,,Secondary,,false,0,198
396323,12,Male,,Some Graduate,,false,0,44
396324,12,Female,,Graduate,,false,9,79
396325,9,Male,,College,,false,1,51
396326,11,Male,,College,,false,1,79
396327,14,Female,,Some College,,false,3,15
396328,13,Male,,College,,false,5,20
396329,14,Male,,Some Graduate,,false,10,75
396330,12,Female,,Graduate,,false,4,83
396331,9,Female,,Some Graduate,,false,0,33
396332,12,Female,,Some Graduate,,false,2,37
396333,14,Female,,Some College,,false,35,195
396334,14,Female,,Graduate,,false,21,396
396335,14,Male,,Some Graduate,,false,12,53
396336,14,Female,,College,,false,6,14
396337,12,Female,,Some Graduate,,false,1,125
396338,13,Female,,Graduate,,false,3,21
396339,14,Female,,Some Graduate,,false,7,12
396340,13,Female,,Some Graduate,,false,2,10
396341,15,Female,,Some Graduate,,false,2,31
396342,12,Male,,Some Graduate,,false,2,35
396343,13,Male,,Graduate,,false,3,62
396344,14,Female,,Some Graduate,,false,12,71
396345,8,Male,,Graduate,,false,0,2
396346,9,Female,,Some Graduate,,false,0,17
396347,9,Female,,Some College,,false,12,87
396348,15,Female,,Some College,,false,0,219
396349,8,Male,,Graduate,,false,1,24
396350,12,Male,,Graduate,,false,3,44
396352,8,Male,,Graduate,,false,1,13
396353,14,Male,,Graduate,,false,1,19
396354,14,Female,,College,,false,3,84
396355,15,Male,,College,,false,6,92
396356,9,Female,,Some College,,false,4,107
396357,13,Female,,Some College,,false,14,396
396358,8,Female,,Some Graduate,,false,0,0
396359,14,Male,,Some Graduate,,false,2,30
396360,14,Male,,Graduate,,false,0,115
396361,8,Male,,Some Graduate,,false,0,39
396362,13,Female,,College,,false,4,52
396363,14,Female,,Some College,,false,0,10
396364,15,Male,,Some Graduate,,false,5,48
396365,15,Male,,Some College,,false,5,151
396366,14,Female,,Graduate,,false,17,214
396367,12,Male,,Secondary,,false,11,239
396368,14,Female,,Graduate,,false,1,8
396369,8,Female,,Graduate,,false,0,0
396370,8,Female,,College,,false,2,59
396371,12,Female,,College,,false,6,112
396372,9,Female,,Some Graduate,,false,1,132
396373,12,Female,,College,,false,15,104
396374,9,Male,,College,,false,0,122
396375,12,Male,,College,,false,0,121
396376,15,Male,,Some Graduate,,false,6,88
396377,8,Male,,Some Graduate,,false,0,4
396378,9,Male,,Graduate,,false,4,35
396379,13,Male,,Some Graduate,,false,2,281
396380,14,Female,,Some Graduate,,false,7,91
396381,14,Female,,Some College,,false,0,18
396382,14,Male,,Some College,,false,10,218
396383,10,Female,,Graduate,,false,0,7
396384,14,Female,,Graduate,,false,13,30
396385,13,Female,,Graduate,,false,3,49
396386,13,Female,,Graduate,,false,3,55
396387,14,Male,,Graduate,,false,3,78
396388,9,Female,,Some College,,false,1,5
396389,8,Male,,Some Graduate,,false,0,0
396390,14,Male,,,,false,3,29
396391,12,Female,,Some College,,false,3,111
396392,8,Male,,Some Graduate,,false,0,358
396393,12,Male,,Some Graduate,,false,8,390
396394,14,Female,,Some Graduate,,false,5,82
396395,9,Female,,Some College,,false,0,1
396396,13,Male,,Some Graduate,,false,10,125
396397,8,Female,,Graduate,,false,0,73
396398,12,Male,,College,,false,10,75
396399,12,Female,,Graduate,,false,7,111
396400,12,Female,,Graduate,,false,6,102
396401,12,Male,,Some Graduate,,false,2,52
396402,12,Male,,Some Graduate,,false,0,134
396403,14,Female,,Graduate,,false,0,153
396404,12,Male,,Some Graduate,,false,0,396
396405,13,Male,,Graduate,,false,5,81
396406,13,Female,,Some Graduate,,false,4,53
396407,14,Female,,Some College,,false,0,28
396408,15,Female,,Graduate,,false,1,86
396409,15,Female,,Graduate,,false,1,86
396410,12,Male,,Graduate,,false,0,18
396411,12,Male,,College,,false,3,58
396412,14,Male,,College,,false,8,137
396413,14,Female,,Some Graduate,,false,7,133
396414,15,Female,,Graduate,,false,2,189
396415,12,Male,,Graduate,,false,3,107
396416,12,Male,,Graduate,,false,3,107
396417,14,Male,,Graduate,,false,5,59
396418,8,Male,,Some Graduate,,false,1,23
396419,14,Male,,Some Graduate,,false,20,260
396420,12,Male,,Graduate,,false,3,64
396421,15,Female,,Some Graduate,,false,0,12
396422,14,Female,,Some College,,false,100,395
396423,13,Male,,Graduate,,false,12,40
396424,13,Female,,Some Graduate,,false,13,122
396425,12,Female,,Some Graduate,,false,6,57
396426,14,Female,,Some Graduate,,false,17,93
396427,9,Female,,Some College,,false,1,68
396428,8,Male,,College,,false,0,5
396429,12,Female,,Graduate,,false,0,0
396430,13,Male,,Some Graduate,,false,0,215
396431,13,Male,,Some Graduate,,false,1,217
396432,13,Male,,Some Graduate,,false,1,99
396433,8,Male,,Some College,,false,3,36
396434,12,Male,,Some College,,false,6,30
396435,9,Male,,College,,false,0,38
396436,11,Male,,Graduate,,false,1,19
396437,13,Female,,Graduate,,false,2,117
396438,15,Female,,Graduate,,false,2,131
396439,13,Female,,Graduate,,false,16,146
396440,12,Male,,Some Graduate,,false,0,60
396441,12,Male,,Graduate,,false,5,130
396442,13,Female,,Some Graduate,,false,0,0
396443,12,Female,,Some Graduate,,false,12,138
396444,11,Male,,Some Graduate,,false,6,128
396445,12,Male,,Some Graduate,,false,5,167
396446,8,Male,,,,false,0,18
396447,12,Male,,Graduate,,false,6,28
396448,15,Male,,Graduate,,false,0,147
396449,8,Male,,Some Graduate,,false,1,48
396450,8,Female,,Some College,,false,1,16
396451,12,Female,,Some College,,false,0,28
396452,12,Male,,Graduate,,false,0,63
396453,15,Female,,College,,false,0,28
396454,13,Female,,Graduate,,false,0,0
396455,8,Male,,Some Graduate,,false,0,9
396456,12,Male,,Graduate,,false,2,4
396457,11,Male,,Graduate,,false,2,58
396458,13,Female,,Some College,,false,21,49
396459,14,Female,,Some College,,false,5,11
396460,9,Female,,Graduate,,false,2,17
396461,12,Female,,Graduate,,false,14,138
396462,13,Male,,Some College,,false,11,77
396463,14,Female,,Graduate,,false,7,78
396464,11,Male,,Graduate,,false,3,8
396465,14,Male,,Graduate,,false,8,87
396466,14,Female,,Graduate,,false,7,106
396467,14,Male,,Graduate,,false,1,48
396468,12,Male,,Graduate,,false,4,56
396469,12,Male,,Graduate,,false,4,59
396470,14,Male,,Graduate,,false,13,113
396471,13,Male,,College,,false,1,75
396472,11,Female,,Some Graduate,,false,4,175
396473,14,Female,,Some Graduate,,false,28,296
396474,14,Male,,Some College,,false,0,250
396475,8,Female,,Graduate,,false,0,14
396476,11,Male,,Graduate,,false,2,6
396477,14,Female,,Some Graduate,,false,0,276
396478,14,Male,,Some Graduate,,false,53,126
396479,13,Male,,Graduate,,false,0,66
396480,8,Female,,Some College,,false,1,41
396481,10,Female,,Graduate,,false,1,139
396482,9,Male,,College,,false,0,0
396483,11,Male,,College,,false,0,0
396484,10,Female,,Graduate,,false,1,16
396485,12,Female,,Graduate,,false,3,25
396486,12,Male,,Some Graduate,,false,6,222
396487,9,Male,,College,,false,1,26
396488,10,Female,,Graduate,,false,0,43
396489,9,Male,,Some Graduate,,false,0,0
396490,13,Female,,,,false,3,81
396491,10,Female,,College,,false,11,32
396492,13,Male,,Some Graduate,,false,13,79
396493,14,Male,,Some Graduate,,false,6,93
396494,15,Male,,Some Graduate,,false,17,84
396495,11,Female,,Some College,,false,0,101
396496,10,Male,,Graduate,,false,0,32
396497,15,Male,,Graduate,,false,5,189
396498,12,Male,,Graduate,,false,1,80
396499,9,Male,,Some Graduate,,false,0,23
396500,12,Male,,Graduate,,false,2,33
396501,12,Male,,Some College,,false,0,3
396502,12,Female,,Some Graduate,,false,2,28
396503,12,Male,,Some Graduate,,false,3,120
396504,8,Female,,Graduate,,false,1,42
396505,12,Female,,Graduate,,false,4,35
396506,8,Male,,Some Graduate,,false,0,28
396507,12,Male,,Some Graduate,,false,3,396
396508,12,Male,,Graduate,,false,3,18
396509,8,Female,,Some Graduate,,false,5,23
396510,9,Male,,Graduate,,false,0,0
396511,8,Female,,Graduate,,false,0,50
396512,13,Male,,Some Graduate,,false,0,102
396513,14,Male,,Graduate,,false,12,175
396514,12,Male,,Some Graduate,,false,8,56
396515,14,Male,,Some College,,false,16,61
396516,14,Male,,Some Graduate,,false,25,178
396517,10,Male,,Graduate,,false,8,41
396518,12,Male,,Graduate,,false,26,83
396519,13,Female,,Graduate,,false,1,12
396520,10,Female,,Graduate,,false,0,14
396521,9,Male,,Some Graduate,,false,0,17
396522,12,Male,,Some College,,false,8,136
396523,10,Male,,Graduate,,false,0,66
396524,11,Female,,Graduate,,false,5,115
396525,16,Female,Third,Some College,,false,208,300
396526,17,Male,First,Some College,,false,1,13
396527,18,Female,Second,Graduate,,false,73,159
396528,16,Male,First,Graduate,,false,12,80
396529,16,Male,First,Some Graduate,,false,22,103
396530,16,Female,Second,Some Graduate,,false,33,186
396531,16,Male,First,Graduate,,false,9,68
396532,17,Male,Second,Graduate,,false,3,10
396533,16,Male,First,Graduate,,false,13,121
396534,14,Male,First,Graduate,,false,0,30
396535,16,Male,First,Secondary,,false,2,113
396536,17,Male,First,Graduate,,false,42,211
396537,16,Male,Third,Graduate,,false,35,79
396538,15,Male,First,Some Secondary,,false,0,38
396539,15,Male,First,College,,false,4,139
396540,17,Male,Third,College,,false,109,215
396541,16,Male,Second,College,,false,15,253
396542,16,Female,First,Graduate,,false,19,84
396543,16,Male,Second,Graduate,,false,21,84
396544,17,Male,First,College,,false,9,18
396545,17,Male,First,College,,false,51,89
396546,18,Male,First,Some College,,false,77,325
396548,18,Male,First,College,,false,20,34
396549,17,Male,First,Some College,,false,17,153
396550,17,Male,First,College,,false,48,127
396551,17,Female,First,College,,false,123,326
396553,18,Male,First,Some College,,false,31,171
396554,16,Male,First,Some Graduate,,false,1,33
396555,17,Male,First,Some College,,false,34,150
396556,17,Female,First,College,,false,1,47
396558,17,Male,Second,Graduate,,false,7,59
396559,17,Female,Second,Graduate,,false,13,58
396560,18,Male,Third,Graduate,,false,25,179
396561,17,Female,First,Graduate,,false,34,195
396562,18,Male,Second,College,,false,10,131
396564,17,Female,First,Graduate,,false,29,332
396565,18,Female,Third,Graduate,,false,83,254
396566,18,Male,Second,College,,false,7,54
396567,17,Male,Second,College,,false,16,160
396568,18,Male,First,College,,false,17,111
396569,18,Male,Second,Graduate,,false,59,259
396570,17,Male,First,Some Secondary,,false,5,234
396571,17,Male,First,College,,false,49,223
396572,18,Female,First,Some College,,false,46,91
396573,16,Female,First,College,,false,77,129
396574,17,Male,First,College,,false,1,19
396575,18,Female,First,Secondary,,false,110,250
396576,17,Female,First,Primary,,false,4,199
396577,17,Male,First,College,,false,22,215
396578,18,Female,First,Some Graduate,,false,31,166
396579,17,Female,First,Graduate,,false,5,272
396580,17,Female,First,Graduate,,false,41,178
396581,17,Male,Second,Graduate,,false,43,228
396582,18,Female,Second,Some College,,false,22,283
396583,16,Female,Second,Some Secondary,,false,20,249
396584,17,Female,First,College,,false,126,267
396585,18,Male,First,Some Secondary,,false,22,54
396586,18,Male,First,Some Graduate,,false,137,306